-- --------------------------------------------------------
-- 主机:                           127.0.0.1
-- 服务器版本:                        5.6.24 - MySQL Community Server (GPL)
-- 服务器操作系统:                      Win64
-- HeidiSQL 版本:                  9.3.0.4984
-- --------------------------------------------------------

/*!40101 SET @OLD_CHARACTER_SET_CLIENT=@@CHARACTER_SET_CLIENT */;
/*!40101 SET NAMES utf8mb4 */;
/*!40014 SET @OLD_FOREIGN_KEY_CHECKS=@@FOREIGN_KEY_CHECKS, FOREIGN_KEY_CHECKS=0 */;
/*!40101 SET @OLD_SQL_MODE=@@SQL_MODE, SQL_MODE='NO_AUTO_VALUE_ON_ZERO' */;
-- 正在导出表  testnptfs.cc_furmula 的数据：~3 rows (大约)
DELETE FROM `cc_furmula`;
/*!40000 ALTER TABLE `cc_furmula` DISABLE KEYS */;
INSERT INTO `cc_furmula` (`id`, `expression`) VALUES
	(1, '{281479272005826}+{281479271809053}'),
	(2, '{281479272005831}*{281479272005832}'),
	(3, '{281479272005833}*{281479272005834}');
/*!40000 ALTER TABLE `cc_furmula` ENABLE KEYS */;

-- 正在导出表  testnptfs.dic_sensor_type 的数据：~5 rows (大约)
DELETE FROM `dic_sensor_type`;
/*!40000 ALTER TABLE `dic_sensor_type` DISABLE KEYS */;
INSERT INTO `dic_sensor_type` (`id`, `sensorType`, `createdTime`, `remark`) VALUES
	(1, '温度传感器', '2014-12-03 22:32:12', NULL),
	(2, '压力传感器', '2014-12-18 15:21:20', NULL),
	(3, '流量传感器', '2014-12-18 15:21:34', NULL),
	(4, '开关传感器', '2014-12-18 15:21:58', NULL),
	(5, '虚拟传感器', '2015-09-15 17:34:51', NULL);
/*!40000 ALTER TABLE `dic_sensor_type` ENABLE KEYS */;

-- 正在导出表  testnptfs.fis_factory 的数据：~1 rows (大约)
DELETE FROM `fis_factory`;
/*!40000 ALTER TABLE `fis_factory` DISABLE KEYS */;
INSERT INTO `fis_factory` (`id`, `factoryName`) VALUES
	(1, 'factory_1');
/*!40000 ALTER TABLE `fis_factory` ENABLE KEYS */;

-- 正在导出表  testnptfs.iot_equip 的数据：~10 rows (大约)
DELETE FROM `iot_equip`;
/*!40000 ALTER TABLE `iot_equip` DISABLE KEYS */;
INSERT INTO `iot_equip` (`id`, `equipName`, `factoryId`) VALUES
	(1, 'equip_1_1', 1),
	(2, 'equip_1_2', 1),
	(3, 'equip_1_3', 1),
	(4, 'equip_1_4', 1),
	(5, 'equip_1_5', 1),
	(6, 'equip_1_6', 1),
	(7, 'equip_1_7', 1),
	(8, 'equip_1_8', 1),
	(9, 'equip_1_9', 1),
	(10, 'equip_1_10', 1);
/*!40000 ALTER TABLE `iot_equip` ENABLE KEYS */;

-- 正在导出表  testnptfs.iot_sensor 的数据：~2,003 rows (大约)
DELETE FROM `iot_sensor`;
/*!40000 ALTER TABLE `iot_sensor` DISABLE KEYS */;
INSERT INTO `iot_sensor` (`id`, `sensorName`, `equipId`, `sensorTypeId`) VALUES
	(281479271743489, 'sensor_1_1_1', 1, 1),
	(281479271743490, 'sensor_1_1_2', 1, 1),
	(281479271743491, 'sensor_1_1_3', 1, 1),
	(281479271743492, 'sensor_1_1_4', 1, 1),
	(281479271743493, 'sensor_1_1_5', 1, 1),
	(281479271743494, 'sensor_1_1_6', 1, 1),
	(281479271743495, 'sensor_1_1_7', 1, 1),
	(281479271743496, 'sensor_1_1_8', 1, 1),
	(281479271743497, 'sensor_1_1_9', 1, 1),
	(281479271743498, 'sensor_1_1_10', 1, 1),
	(281479271743499, 'sensor_1_1_11', 1, 1),
	(281479271743500, 'sensor_1_1_12', 1, 1),
	(281479271743501, 'sensor_1_1_13', 1, 1),
	(281479271743502, 'sensor_1_1_14', 1, 1),
	(281479271743503, 'sensor_1_1_15', 1, 1),
	(281479271743504, 'sensor_1_1_16', 1, 1),
	(281479271743505, 'sensor_1_1_17', 1, 1),
	(281479271743506, 'sensor_1_1_18', 1, 1),
	(281479271743507, 'sensor_1_1_19', 1, 1),
	(281479271743508, 'sensor_1_1_20', 1, 1),
	(281479271743509, 'sensor_1_1_21', 1, 1),
	(281479271743510, 'sensor_1_1_22', 1, 1),
	(281479271743511, 'sensor_1_1_23', 1, 1),
	(281479271743512, 'sensor_1_1_24', 1, 1),
	(281479271743513, 'sensor_1_1_25', 1, 1),
	(281479271743514, 'sensor_1_1_26', 1, 1),
	(281479271743515, 'sensor_1_1_27', 1, 1),
	(281479271743516, 'sensor_1_1_28', 1, 1),
	(281479271743517, 'sensor_1_1_29', 1, 1),
	(281479271743518, 'sensor_1_1_30', 1, 1),
	(281479271743519, 'sensor_1_1_31', 1, 1),
	(281479271743520, 'sensor_1_1_32', 1, 1),
	(281479271743521, 'sensor_1_1_33', 1, 1),
	(281479271743522, 'sensor_1_1_34', 1, 1),
	(281479271743523, 'sensor_1_1_35', 1, 1),
	(281479271743524, 'sensor_1_1_36', 1, 1),
	(281479271743525, 'sensor_1_1_37', 1, 1),
	(281479271743526, 'sensor_1_1_38', 1, 1),
	(281479271743527, 'sensor_1_1_39', 1, 1),
	(281479271743528, 'sensor_1_1_40', 1, 1),
	(281479271743529, 'sensor_1_1_41', 1, 1),
	(281479271743530, 'sensor_1_1_42', 1, 1),
	(281479271743531, 'sensor_1_1_43', 1, 1),
	(281479271743532, 'sensor_1_1_44', 1, 1),
	(281479271743533, 'sensor_1_1_45', 1, 1),
	(281479271743534, 'sensor_1_1_46', 1, 1),
	(281479271743535, 'sensor_1_1_47', 1, 1),
	(281479271743536, 'sensor_1_1_48', 1, 1),
	(281479271743537, 'sensor_1_1_49', 1, 1),
	(281479271743538, 'sensor_1_1_50', 1, 1),
	(281479271743539, 'sensor_1_1_51', 1, 1),
	(281479271743540, 'sensor_1_1_52', 1, 1),
	(281479271743541, 'sensor_1_1_53', 1, 1),
	(281479271743542, 'sensor_1_1_54', 1, 1),
	(281479271743543, 'sensor_1_1_55', 1, 1),
	(281479271743544, 'sensor_1_1_56', 1, 1),
	(281479271743545, 'sensor_1_1_57', 1, 1),
	(281479271743546, 'sensor_1_1_58', 1, 1),
	(281479271743547, 'sensor_1_1_59', 1, 1),
	(281479271743548, 'sensor_1_1_60', 1, 1),
	(281479271743549, 'sensor_1_1_61', 1, 1),
	(281479271743550, 'sensor_1_1_62', 1, 1),
	(281479271743551, 'sensor_1_1_63', 1, 1),
	(281479271743552, 'sensor_1_1_64', 1, 1),
	(281479271743553, 'sensor_1_1_65', 1, 1),
	(281479271743554, 'sensor_1_1_66', 1, 1),
	(281479271743555, 'sensor_1_1_67', 1, 1),
	(281479271743556, 'sensor_1_1_68', 1, 1),
	(281479271743557, 'sensor_1_1_69', 1, 1),
	(281479271743558, 'sensor_1_1_70', 1, 1),
	(281479271743559, 'sensor_1_1_71', 1, 1),
	(281479271743560, 'sensor_1_1_72', 1, 1),
	(281479271743561, 'sensor_1_1_73', 1, 1),
	(281479271743562, 'sensor_1_1_74', 1, 1),
	(281479271743563, 'sensor_1_1_75', 1, 1),
	(281479271743564, 'sensor_1_1_76', 1, 1),
	(281479271743565, 'sensor_1_1_77', 1, 1),
	(281479271743566, 'sensor_1_1_78', 1, 1),
	(281479271743567, 'sensor_1_1_79', 1, 1),
	(281479271743568, 'sensor_1_1_80', 1, 1),
	(281479271743569, 'sensor_1_1_81', 1, 1),
	(281479271743570, 'sensor_1_1_82', 1, 1),
	(281479271743571, 'sensor_1_1_83', 1, 1),
	(281479271743572, 'sensor_1_1_84', 1, 1),
	(281479271743573, 'sensor_1_1_85', 1, 1),
	(281479271743574, 'sensor_1_1_86', 1, 1),
	(281479271743575, 'sensor_1_1_87', 1, 1),
	(281479271743576, 'sensor_1_1_88', 1, 1),
	(281479271743577, 'sensor_1_1_89', 1, 1),
	(281479271743578, 'sensor_1_1_90', 1, 1),
	(281479271743579, 'sensor_1_1_91', 1, 1),
	(281479271743580, 'sensor_1_1_92', 1, 1),
	(281479271743581, 'sensor_1_1_93', 1, 1),
	(281479271743582, 'sensor_1_1_94', 1, 1),
	(281479271743583, 'sensor_1_1_95', 1, 1),
	(281479271743584, 'sensor_1_1_96', 1, 1),
	(281479271743585, 'sensor_1_1_97', 1, 1),
	(281479271743586, 'sensor_1_1_98', 1, 1),
	(281479271743587, 'sensor_1_1_99', 1, 1),
	(281479271743588, 'sensor_1_1_100', 1, 1),
	(281479271743589, 'sensor_1_1_101', 1, 1),
	(281479271743590, 'sensor_1_1_102', 1, 1),
	(281479271743591, 'sensor_1_1_103', 1, 1),
	(281479271743592, 'sensor_1_1_104', 1, 1),
	(281479271743593, 'sensor_1_1_105', 1, 1),
	(281479271743594, 'sensor_1_1_106', 1, 1),
	(281479271743595, 'sensor_1_1_107', 1, 1),
	(281479271743596, 'sensor_1_1_108', 1, 1),
	(281479271743597, 'sensor_1_1_109', 1, 1),
	(281479271743598, 'sensor_1_1_110', 1, 1),
	(281479271743599, 'sensor_1_1_111', 1, 1),
	(281479271743600, 'sensor_1_1_112', 1, 1),
	(281479271743601, 'sensor_1_1_113', 1, 1),
	(281479271743602, 'sensor_1_1_114', 1, 1),
	(281479271743603, 'sensor_1_1_115', 1, 1),
	(281479271743604, 'sensor_1_1_116', 1, 1),
	(281479271743605, 'sensor_1_1_117', 1, 1),
	(281479271743606, 'sensor_1_1_118', 1, 1),
	(281479271743607, 'sensor_1_1_119', 1, 1),
	(281479271743608, 'sensor_1_1_120', 1, 1),
	(281479271743609, 'sensor_1_1_121', 1, 1),
	(281479271743610, 'sensor_1_1_122', 1, 1),
	(281479271743611, 'sensor_1_1_123', 1, 1),
	(281479271743612, 'sensor_1_1_124', 1, 1),
	(281479271743613, 'sensor_1_1_125', 1, 1),
	(281479271743614, 'sensor_1_1_126', 1, 1),
	(281479271743615, 'sensor_1_1_127', 1, 1),
	(281479271743616, 'sensor_1_1_128', 1, 1),
	(281479271743617, 'sensor_1_1_129', 1, 1),
	(281479271743618, 'sensor_1_1_130', 1, 1),
	(281479271743619, 'sensor_1_1_131', 1, 1),
	(281479271743620, 'sensor_1_1_132', 1, 1),
	(281479271743621, 'sensor_1_1_133', 1, 1),
	(281479271743622, 'sensor_1_1_134', 1, 1),
	(281479271743623, 'sensor_1_1_135', 1, 1),
	(281479271743624, 'sensor_1_1_136', 1, 1),
	(281479271743625, 'sensor_1_1_137', 1, 1),
	(281479271743626, 'sensor_1_1_138', 1, 1),
	(281479271743627, 'sensor_1_1_139', 1, 1),
	(281479271743628, 'sensor_1_1_140', 1, 1),
	(281479271743629, 'sensor_1_1_141', 1, 1),
	(281479271743630, 'sensor_1_1_142', 1, 1),
	(281479271743631, 'sensor_1_1_143', 1, 1),
	(281479271743632, 'sensor_1_1_144', 1, 1),
	(281479271743633, 'sensor_1_1_145', 1, 1),
	(281479271743634, 'sensor_1_1_146', 1, 1),
	(281479271743635, 'sensor_1_1_147', 1, 1),
	(281479271743636, 'sensor_1_1_148', 1, 1),
	(281479271743637, 'sensor_1_1_149', 1, 1),
	(281479271743638, 'sensor_1_1_150', 1, 1),
	(281479271743639, 'sensor_1_1_151', 1, 1),
	(281479271743640, 'sensor_1_1_152', 1, 1),
	(281479271743641, 'sensor_1_1_153', 1, 1),
	(281479271743642, 'sensor_1_1_154', 1, 1),
	(281479271743643, 'sensor_1_1_155', 1, 1),
	(281479271743644, 'sensor_1_1_156', 1, 1),
	(281479271743645, 'sensor_1_1_157', 1, 1),
	(281479271743646, 'sensor_1_1_158', 1, 1),
	(281479271743647, 'sensor_1_1_159', 1, 1),
	(281479271743648, 'sensor_1_1_160', 1, 1),
	(281479271743649, 'sensor_1_1_161', 1, 1),
	(281479271743650, 'sensor_1_1_162', 1, 1),
	(281479271743651, 'sensor_1_1_163', 1, 1),
	(281479271743652, 'sensor_1_1_164', 1, 1),
	(281479271743653, 'sensor_1_1_165', 1, 1),
	(281479271743654, 'sensor_1_1_166', 1, 1),
	(281479271743655, 'sensor_1_1_167', 1, 1),
	(281479271743656, 'sensor_1_1_168', 1, 1),
	(281479271743657, 'sensor_1_1_169', 1, 1),
	(281479271743658, 'sensor_1_1_170', 1, 1),
	(281479271743659, 'sensor_1_1_171', 1, 1),
	(281479271743660, 'sensor_1_1_172', 1, 1),
	(281479271743661, 'sensor_1_1_173', 1, 1),
	(281479271743662, 'sensor_1_1_174', 1, 1),
	(281479271743663, 'sensor_1_1_175', 1, 1),
	(281479271743664, 'sensor_1_1_176', 1, 1),
	(281479271743665, 'sensor_1_1_177', 1, 1),
	(281479271743666, 'sensor_1_1_178', 1, 1),
	(281479271743667, 'sensor_1_1_179', 1, 1),
	(281479271743668, 'sensor_1_1_180', 1, 1),
	(281479271743669, 'sensor_1_1_181', 1, 1),
	(281479271743670, 'sensor_1_1_182', 1, 1),
	(281479271743671, 'sensor_1_1_183', 1, 1),
	(281479271743672, 'sensor_1_1_184', 1, 1),
	(281479271743673, 'sensor_1_1_185', 1, 1),
	(281479271743674, 'sensor_1_1_186', 1, 1),
	(281479271743675, 'sensor_1_1_187', 1, 1),
	(281479271743676, 'sensor_1_1_188', 1, 1),
	(281479271743677, 'sensor_1_1_189', 1, 1),
	(281479271743678, 'sensor_1_1_190', 1, 1),
	(281479271743679, 'sensor_1_1_191', 1, 1),
	(281479271743680, 'sensor_1_1_192', 1, 1),
	(281479271743681, 'sensor_1_1_193', 1, 1),
	(281479271743682, 'sensor_1_1_194', 1, 1),
	(281479271743683, 'sensor_1_1_195', 1, 1),
	(281479271743684, 'sensor_1_1_196', 1, 1),
	(281479271743685, 'sensor_1_1_197', 1, 1),
	(281479271743686, 'sensor_1_1_198', 1, 1),
	(281479271743687, 'sensor_1_1_199', 1, 1),
	(281479271743688, 'sensor_1_1_200', 1, 1),
	(281479271809025, 'sensor_1_2_1', 2, 1),
	(281479271809026, 'sensor_1_2_2', 2, 1),
	(281479271809027, 'sensor_1_2_3', 2, 1),
	(281479271809028, 'sensor_1_2_4', 2, 1),
	(281479271809029, 'sensor_1_2_5', 2, 1),
	(281479271809030, 'sensor_1_2_6', 2, 1),
	(281479271809031, 'sensor_1_2_7', 2, 1),
	(281479271809032, 'sensor_1_2_8', 2, 1),
	(281479271809033, 'sensor_1_2_9', 2, 1),
	(281479271809034, 'sensor_1_2_10', 2, 1),
	(281479271809035, 'sensor_1_2_11', 2, 1),
	(281479271809036, 'sensor_1_2_12', 2, 1),
	(281479271809037, 'sensor_1_2_13', 2, 1),
	(281479271809038, 'sensor_1_2_14', 2, 1),
	(281479271809039, 'sensor_1_2_15', 2, 1),
	(281479271809040, 'sensor_1_2_16', 2, 1),
	(281479271809041, 'sensor_1_2_17', 2, 1),
	(281479271809042, 'sensor_1_2_18', 2, 1),
	(281479271809043, 'sensor_1_2_19', 2, 1),
	(281479271809044, 'sensor_1_2_20', 2, 1),
	(281479271809045, 'sensor_1_2_21', 2, 1),
	(281479271809046, 'sensor_1_2_22', 2, 1),
	(281479271809047, 'sensor_1_2_23', 2, 1),
	(281479271809048, 'sensor_1_2_24', 2, 1),
	(281479271809049, 'sensor_1_2_25', 2, 1),
	(281479271809050, 'sensor_1_2_26', 2, 1),
	(281479271809051, 'sensor_1_2_27', 2, 1),
	(281479271809052, 'sensor_1_2_28', 2, 1),
	(281479271809053, 'sensor_1_2_29', 2, 1),
	(281479271809054, 'sensor_1_2_30', 2, 1),
	(281479271809055, 'sensor_1_2_31', 2, 1),
	(281479271809056, 'sensor_1_2_32', 2, 1),
	(281479271809057, 'sensor_1_2_33', 2, 1),
	(281479271809058, 'sensor_1_2_34', 2, 1),
	(281479271809059, 'sensor_1_2_35', 2, 1),
	(281479271809060, 'sensor_1_2_36', 2, 1),
	(281479271809061, 'sensor_1_2_37', 2, 1),
	(281479271809062, 'sensor_1_2_38', 2, 1),
	(281479271809063, 'sensor_1_2_39', 2, 1),
	(281479271809064, 'sensor_1_2_40', 2, 1),
	(281479271809065, 'sensor_1_2_41', 2, 1),
	(281479271809066, 'sensor_1_2_42', 2, 1),
	(281479271809067, 'sensor_1_2_43', 2, 1),
	(281479271809068, 'sensor_1_2_44', 2, 1),
	(281479271809069, 'sensor_1_2_45', 2, 1),
	(281479271809070, 'sensor_1_2_46', 2, 1),
	(281479271809071, 'sensor_1_2_47', 2, 1),
	(281479271809072, 'sensor_1_2_48', 2, 1),
	(281479271809073, 'sensor_1_2_49', 2, 1),
	(281479271809074, 'sensor_1_2_50', 2, 1),
	(281479271809075, 'sensor_1_2_51', 2, 1),
	(281479271809076, 'sensor_1_2_52', 2, 1),
	(281479271809077, 'sensor_1_2_53', 2, 1),
	(281479271809078, 'sensor_1_2_54', 2, 1),
	(281479271809079, 'sensor_1_2_55', 2, 1),
	(281479271809080, 'sensor_1_2_56', 2, 1),
	(281479271809081, 'sensor_1_2_57', 2, 1),
	(281479271809082, 'sensor_1_2_58', 2, 1),
	(281479271809083, 'sensor_1_2_59', 2, 1),
	(281479271809084, 'sensor_1_2_60', 2, 1),
	(281479271809085, 'sensor_1_2_61', 2, 1),
	(281479271809086, 'sensor_1_2_62', 2, 1),
	(281479271809087, 'sensor_1_2_63', 2, 1),
	(281479271809088, 'sensor_1_2_64', 2, 1),
	(281479271809089, 'sensor_1_2_65', 2, 1),
	(281479271809090, 'sensor_1_2_66', 2, 1),
	(281479271809091, 'sensor_1_2_67', 2, 1),
	(281479271809092, 'sensor_1_2_68', 2, 1),
	(281479271809093, 'sensor_1_2_69', 2, 1),
	(281479271809094, 'sensor_1_2_70', 2, 1),
	(281479271809095, 'sensor_1_2_71', 2, 1),
	(281479271809096, 'sensor_1_2_72', 2, 1),
	(281479271809097, 'sensor_1_2_73', 2, 1),
	(281479271809098, 'sensor_1_2_74', 2, 1),
	(281479271809099, 'sensor_1_2_75', 2, 1),
	(281479271809100, 'sensor_1_2_76', 2, 1),
	(281479271809101, 'sensor_1_2_77', 2, 1),
	(281479271809102, 'sensor_1_2_78', 2, 1),
	(281479271809103, 'sensor_1_2_79', 2, 1),
	(281479271809104, 'sensor_1_2_80', 2, 1),
	(281479271809105, 'sensor_1_2_81', 2, 1),
	(281479271809106, 'sensor_1_2_82', 2, 1),
	(281479271809107, 'sensor_1_2_83', 2, 1),
	(281479271809108, 'sensor_1_2_84', 2, 1),
	(281479271809109, 'sensor_1_2_85', 2, 1),
	(281479271809110, 'sensor_1_2_86', 2, 1),
	(281479271809111, 'sensor_1_2_87', 2, 1),
	(281479271809112, 'sensor_1_2_88', 2, 1),
	(281479271809113, 'sensor_1_2_89', 2, 1),
	(281479271809114, 'sensor_1_2_90', 2, 1),
	(281479271809115, 'sensor_1_2_91', 2, 1),
	(281479271809116, 'sensor_1_2_92', 2, 1),
	(281479271809117, 'sensor_1_2_93', 2, 1),
	(281479271809118, 'sensor_1_2_94', 2, 1),
	(281479271809119, 'sensor_1_2_95', 2, 1),
	(281479271809120, 'sensor_1_2_96', 2, 1),
	(281479271809121, 'sensor_1_2_97', 2, 1),
	(281479271809122, 'sensor_1_2_98', 2, 1),
	(281479271809123, 'sensor_1_2_99', 2, 1),
	(281479271809124, 'sensor_1_2_100', 2, 1),
	(281479271809125, 'sensor_1_2_101', 2, 1),
	(281479271809126, 'sensor_1_2_102', 2, 1),
	(281479271809127, 'sensor_1_2_103', 2, 1),
	(281479271809128, 'sensor_1_2_104', 2, 1),
	(281479271809129, 'sensor_1_2_105', 2, 1),
	(281479271809130, 'sensor_1_2_106', 2, 1),
	(281479271809131, 'sensor_1_2_107', 2, 1),
	(281479271809132, 'sensor_1_2_108', 2, 1),
	(281479271809133, 'sensor_1_2_109', 2, 1),
	(281479271809134, 'sensor_1_2_110', 2, 1),
	(281479271809135, 'sensor_1_2_111', 2, 1),
	(281479271809136, 'sensor_1_2_112', 2, 1),
	(281479271809137, 'sensor_1_2_113', 2, 1),
	(281479271809138, 'sensor_1_2_114', 2, 1),
	(281479271809139, 'sensor_1_2_115', 2, 1),
	(281479271809140, 'sensor_1_2_116', 2, 1),
	(281479271809141, 'sensor_1_2_117', 2, 1),
	(281479271809142, 'sensor_1_2_118', 2, 1),
	(281479271809143, 'sensor_1_2_119', 2, 1),
	(281479271809144, 'sensor_1_2_120', 2, 1),
	(281479271809145, 'sensor_1_2_121', 2, 1),
	(281479271809146, 'sensor_1_2_122', 2, 1),
	(281479271809147, 'sensor_1_2_123', 2, 1),
	(281479271809148, 'sensor_1_2_124', 2, 1),
	(281479271809149, 'sensor_1_2_125', 2, 1),
	(281479271809150, 'sensor_1_2_126', 2, 1),
	(281479271809151, 'sensor_1_2_127', 2, 1),
	(281479271809152, 'sensor_1_2_128', 2, 1),
	(281479271809153, 'sensor_1_2_129', 2, 1),
	(281479271809154, 'sensor_1_2_130', 2, 1),
	(281479271809155, 'sensor_1_2_131', 2, 1),
	(281479271809156, 'sensor_1_2_132', 2, 1),
	(281479271809157, 'sensor_1_2_133', 2, 1),
	(281479271809158, 'sensor_1_2_134', 2, 1),
	(281479271809159, 'sensor_1_2_135', 2, 1),
	(281479271809160, 'sensor_1_2_136', 2, 1),
	(281479271809161, 'sensor_1_2_137', 2, 1),
	(281479271809162, 'sensor_1_2_138', 2, 1),
	(281479271809163, 'sensor_1_2_139', 2, 1),
	(281479271809164, 'sensor_1_2_140', 2, 1),
	(281479271809165, 'sensor_1_2_141', 2, 1),
	(281479271809166, 'sensor_1_2_142', 2, 1),
	(281479271809167, 'sensor_1_2_143', 2, 1),
	(281479271809168, 'sensor_1_2_144', 2, 1),
	(281479271809169, 'sensor_1_2_145', 2, 1),
	(281479271809170, 'sensor_1_2_146', 2, 1),
	(281479271809171, 'sensor_1_2_147', 2, 1),
	(281479271809172, 'sensor_1_2_148', 2, 1),
	(281479271809173, 'sensor_1_2_149', 2, 1),
	(281479271809174, 'sensor_1_2_150', 2, 1),
	(281479271809175, 'sensor_1_2_151', 2, 1),
	(281479271809176, 'sensor_1_2_152', 2, 1),
	(281479271809177, 'sensor_1_2_153', 2, 1),
	(281479271809178, 'sensor_1_2_154', 2, 1),
	(281479271809179, 'sensor_1_2_155', 2, 1),
	(281479271809180, 'sensor_1_2_156', 2, 1),
	(281479271809181, 'sensor_1_2_157', 2, 1),
	(281479271809182, 'sensor_1_2_158', 2, 1),
	(281479271809183, 'sensor_1_2_159', 2, 1),
	(281479271809184, 'sensor_1_2_160', 2, 1),
	(281479271809185, 'sensor_1_2_161', 2, 1),
	(281479271809186, 'sensor_1_2_162', 2, 1),
	(281479271809187, 'sensor_1_2_163', 2, 1),
	(281479271809188, 'sensor_1_2_164', 2, 1),
	(281479271809189, 'sensor_1_2_165', 2, 1),
	(281479271809190, 'sensor_1_2_166', 2, 1),
	(281479271809191, 'sensor_1_2_167', 2, 1),
	(281479271809192, 'sensor_1_2_168', 2, 1),
	(281479271809193, 'sensor_1_2_169', 2, 1),
	(281479271809194, 'sensor_1_2_170', 2, 1),
	(281479271809195, 'sensor_1_2_171', 2, 1),
	(281479271809196, 'sensor_1_2_172', 2, 1),
	(281479271809197, 'sensor_1_2_173', 2, 1),
	(281479271809198, 'sensor_1_2_174', 2, 1),
	(281479271809199, 'sensor_1_2_175', 2, 1),
	(281479271809200, 'sensor_1_2_176', 2, 1),
	(281479271809201, 'sensor_1_2_177', 2, 1),
	(281479271809202, 'sensor_1_2_178', 2, 1),
	(281479271809203, 'sensor_1_2_179', 2, 1),
	(281479271809204, 'sensor_1_2_180', 2, 1),
	(281479271809205, 'sensor_1_2_181', 2, 1),
	(281479271809206, 'sensor_1_2_182', 2, 1),
	(281479271809207, 'sensor_1_2_183', 2, 1),
	(281479271809208, 'sensor_1_2_184', 2, 1),
	(281479271809209, 'sensor_1_2_185', 2, 1),
	(281479271809210, 'sensor_1_2_186', 2, 1),
	(281479271809211, 'sensor_1_2_187', 2, 1),
	(281479271809212, 'sensor_1_2_188', 2, 1),
	(281479271809213, 'sensor_1_2_189', 2, 1),
	(281479271809214, 'sensor_1_2_190', 2, 1),
	(281479271809215, 'sensor_1_2_191', 2, 1),
	(281479271809216, 'sensor_1_2_192', 2, 1),
	(281479271809217, 'sensor_1_2_193', 2, 1),
	(281479271809218, 'sensor_1_2_194', 2, 1),
	(281479271809219, 'sensor_1_2_195', 2, 1),
	(281479271809220, 'sensor_1_2_196', 2, 1),
	(281479271809221, 'sensor_1_2_197', 2, 1),
	(281479271809222, 'sensor_1_2_198', 2, 1),
	(281479271809223, 'sensor_1_2_199', 2, 1),
	(281479271809224, 'sensor_1_2_200', 2, 1),
	(281479271874561, 'sensor_1_3_1', 3, 1),
	(281479271874562, 'sensor_1_3_2', 3, 1),
	(281479271874563, 'sensor_1_3_3', 3, 1),
	(281479271874564, 'sensor_1_3_4', 3, 1),
	(281479271874565, 'sensor_1_3_5', 3, 1),
	(281479271874566, 'sensor_1_3_6', 3, 1),
	(281479271874567, 'sensor_1_3_7', 3, 1),
	(281479271874568, 'sensor_1_3_8', 3, 1),
	(281479271874569, 'sensor_1_3_9', 3, 1),
	(281479271874570, 'sensor_1_3_10', 3, 1),
	(281479271874571, 'sensor_1_3_11', 3, 1),
	(281479271874572, 'sensor_1_3_12', 3, 1),
	(281479271874573, 'sensor_1_3_13', 3, 1),
	(281479271874574, 'sensor_1_3_14', 3, 1),
	(281479271874575, 'sensor_1_3_15', 3, 1),
	(281479271874576, 'sensor_1_3_16', 3, 1),
	(281479271874577, 'sensor_1_3_17', 3, 1),
	(281479271874578, 'sensor_1_3_18', 3, 1),
	(281479271874579, 'sensor_1_3_19', 3, 1),
	(281479271874580, 'sensor_1_3_20', 3, 1),
	(281479271874581, 'sensor_1_3_21', 3, 1),
	(281479271874582, 'sensor_1_3_22', 3, 1),
	(281479271874583, 'sensor_1_3_23', 3, 1),
	(281479271874584, 'sensor_1_3_24', 3, 1),
	(281479271874585, 'sensor_1_3_25', 3, 1),
	(281479271874586, 'sensor_1_3_26', 3, 1),
	(281479271874587, 'sensor_1_3_27', 3, 1),
	(281479271874588, 'sensor_1_3_28', 3, 1),
	(281479271874589, 'sensor_1_3_29', 3, 1),
	(281479271874590, 'sensor_1_3_30', 3, 1),
	(281479271874591, 'sensor_1_3_31', 3, 1),
	(281479271874592, 'sensor_1_3_32', 3, 1),
	(281479271874593, 'sensor_1_3_33', 3, 1),
	(281479271874594, 'sensor_1_3_34', 3, 1),
	(281479271874595, 'sensor_1_3_35', 3, 1),
	(281479271874596, 'sensor_1_3_36', 3, 1),
	(281479271874597, 'sensor_1_3_37', 3, 1),
	(281479271874598, 'sensor_1_3_38', 3, 1),
	(281479271874599, 'sensor_1_3_39', 3, 1),
	(281479271874600, 'sensor_1_3_40', 3, 1),
	(281479271874601, 'sensor_1_3_41', 3, 1),
	(281479271874602, 'sensor_1_3_42', 3, 1),
	(281479271874603, 'sensor_1_3_43', 3, 1),
	(281479271874604, 'sensor_1_3_44', 3, 1),
	(281479271874605, 'sensor_1_3_45', 3, 1),
	(281479271874606, 'sensor_1_3_46', 3, 1),
	(281479271874607, 'sensor_1_3_47', 3, 1),
	(281479271874608, 'sensor_1_3_48', 3, 1),
	(281479271874609, 'sensor_1_3_49', 3, 1),
	(281479271874610, 'sensor_1_3_50', 3, 1),
	(281479271874611, 'sensor_1_3_51', 3, 1),
	(281479271874612, 'sensor_1_3_52', 3, 1),
	(281479271874613, 'sensor_1_3_53', 3, 1),
	(281479271874614, 'sensor_1_3_54', 3, 1),
	(281479271874615, 'sensor_1_3_55', 3, 1),
	(281479271874616, 'sensor_1_3_56', 3, 1),
	(281479271874617, 'sensor_1_3_57', 3, 1),
	(281479271874618, 'sensor_1_3_58', 3, 1),
	(281479271874619, 'sensor_1_3_59', 3, 1),
	(281479271874620, 'sensor_1_3_60', 3, 1),
	(281479271874621, 'sensor_1_3_61', 3, 1),
	(281479271874622, 'sensor_1_3_62', 3, 1),
	(281479271874623, 'sensor_1_3_63', 3, 1),
	(281479271874624, 'sensor_1_3_64', 3, 1),
	(281479271874625, 'sensor_1_3_65', 3, 1),
	(281479271874626, 'sensor_1_3_66', 3, 1),
	(281479271874627, 'sensor_1_3_67', 3, 1),
	(281479271874628, 'sensor_1_3_68', 3, 1),
	(281479271874629, 'sensor_1_3_69', 3, 1),
	(281479271874630, 'sensor_1_3_70', 3, 1),
	(281479271874631, 'sensor_1_3_71', 3, 1),
	(281479271874632, 'sensor_1_3_72', 3, 1),
	(281479271874633, 'sensor_1_3_73', 3, 1),
	(281479271874634, 'sensor_1_3_74', 3, 1),
	(281479271874635, 'sensor_1_3_75', 3, 1),
	(281479271874636, 'sensor_1_3_76', 3, 1),
	(281479271874637, 'sensor_1_3_77', 3, 1),
	(281479271874638, 'sensor_1_3_78', 3, 1),
	(281479271874639, 'sensor_1_3_79', 3, 1),
	(281479271874640, 'sensor_1_3_80', 3, 1),
	(281479271874641, 'sensor_1_3_81', 3, 1),
	(281479271874642, 'sensor_1_3_82', 3, 1),
	(281479271874643, 'sensor_1_3_83', 3, 1),
	(281479271874644, 'sensor_1_3_84', 3, 1),
	(281479271874645, 'sensor_1_3_85', 3, 1),
	(281479271874646, 'sensor_1_3_86', 3, 1),
	(281479271874647, 'sensor_1_3_87', 3, 1),
	(281479271874648, 'sensor_1_3_88', 3, 1),
	(281479271874649, 'sensor_1_3_89', 3, 1),
	(281479271874650, 'sensor_1_3_90', 3, 1),
	(281479271874651, 'sensor_1_3_91', 3, 1),
	(281479271874652, 'sensor_1_3_92', 3, 1),
	(281479271874653, 'sensor_1_3_93', 3, 1),
	(281479271874654, 'sensor_1_3_94', 3, 1),
	(281479271874655, 'sensor_1_3_95', 3, 1),
	(281479271874656, 'sensor_1_3_96', 3, 1),
	(281479271874657, 'sensor_1_3_97', 3, 1),
	(281479271874658, 'sensor_1_3_98', 3, 1),
	(281479271874659, 'sensor_1_3_99', 3, 1),
	(281479271874660, 'sensor_1_3_100', 3, 1),
	(281479271874661, 'sensor_1_3_101', 3, 1),
	(281479271874662, 'sensor_1_3_102', 3, 1),
	(281479271874663, 'sensor_1_3_103', 3, 1),
	(281479271874664, 'sensor_1_3_104', 3, 1),
	(281479271874665, 'sensor_1_3_105', 3, 1),
	(281479271874666, 'sensor_1_3_106', 3, 1),
	(281479271874667, 'sensor_1_3_107', 3, 1),
	(281479271874668, 'sensor_1_3_108', 3, 1),
	(281479271874669, 'sensor_1_3_109', 3, 1),
	(281479271874670, 'sensor_1_3_110', 3, 1),
	(281479271874671, 'sensor_1_3_111', 3, 1),
	(281479271874672, 'sensor_1_3_112', 3, 1),
	(281479271874673, 'sensor_1_3_113', 3, 1),
	(281479271874674, 'sensor_1_3_114', 3, 1),
	(281479271874675, 'sensor_1_3_115', 3, 1),
	(281479271874676, 'sensor_1_3_116', 3, 1),
	(281479271874677, 'sensor_1_3_117', 3, 1),
	(281479271874678, 'sensor_1_3_118', 3, 1),
	(281479271874679, 'sensor_1_3_119', 3, 1),
	(281479271874680, 'sensor_1_3_120', 3, 1),
	(281479271874681, 'sensor_1_3_121', 3, 1),
	(281479271874682, 'sensor_1_3_122', 3, 1),
	(281479271874683, 'sensor_1_3_123', 3, 1),
	(281479271874684, 'sensor_1_3_124', 3, 1),
	(281479271874685, 'sensor_1_3_125', 3, 1),
	(281479271874686, 'sensor_1_3_126', 3, 1),
	(281479271874687, 'sensor_1_3_127', 3, 1),
	(281479271874688, 'sensor_1_3_128', 3, 1),
	(281479271874689, 'sensor_1_3_129', 3, 1),
	(281479271874690, 'sensor_1_3_130', 3, 1),
	(281479271874691, 'sensor_1_3_131', 3, 1),
	(281479271874692, 'sensor_1_3_132', 3, 1),
	(281479271874693, 'sensor_1_3_133', 3, 1),
	(281479271874694, 'sensor_1_3_134', 3, 1),
	(281479271874695, 'sensor_1_3_135', 3, 1),
	(281479271874696, 'sensor_1_3_136', 3, 1),
	(281479271874697, 'sensor_1_3_137', 3, 1),
	(281479271874698, 'sensor_1_3_138', 3, 1),
	(281479271874699, 'sensor_1_3_139', 3, 1),
	(281479271874700, 'sensor_1_3_140', 3, 1),
	(281479271874701, 'sensor_1_3_141', 3, 1),
	(281479271874702, 'sensor_1_3_142', 3, 1),
	(281479271874703, 'sensor_1_3_143', 3, 1),
	(281479271874704, 'sensor_1_3_144', 3, 1),
	(281479271874705, 'sensor_1_3_145', 3, 1),
	(281479271874706, 'sensor_1_3_146', 3, 1),
	(281479271874707, 'sensor_1_3_147', 3, 1),
	(281479271874708, 'sensor_1_3_148', 3, 1),
	(281479271874709, 'sensor_1_3_149', 3, 1),
	(281479271874710, 'sensor_1_3_150', 3, 1),
	(281479271874711, 'sensor_1_3_151', 3, 1),
	(281479271874712, 'sensor_1_3_152', 3, 1),
	(281479271874713, 'sensor_1_3_153', 3, 1),
	(281479271874714, 'sensor_1_3_154', 3, 1),
	(281479271874715, 'sensor_1_3_155', 3, 1),
	(281479271874716, 'sensor_1_3_156', 3, 1),
	(281479271874717, 'sensor_1_3_157', 3, 1),
	(281479271874718, 'sensor_1_3_158', 3, 1),
	(281479271874719, 'sensor_1_3_159', 3, 1),
	(281479271874720, 'sensor_1_3_160', 3, 1),
	(281479271874721, 'sensor_1_3_161', 3, 1),
	(281479271874722, 'sensor_1_3_162', 3, 1),
	(281479271874723, 'sensor_1_3_163', 3, 1),
	(281479271874724, 'sensor_1_3_164', 3, 1),
	(281479271874725, 'sensor_1_3_165', 3, 1),
	(281479271874726, 'sensor_1_3_166', 3, 1),
	(281479271874727, 'sensor_1_3_167', 3, 1),
	(281479271874728, 'sensor_1_3_168', 3, 1),
	(281479271874729, 'sensor_1_3_169', 3, 1),
	(281479271874730, 'sensor_1_3_170', 3, 1),
	(281479271874731, 'sensor_1_3_171', 3, 1),
	(281479271874732, 'sensor_1_3_172', 3, 1),
	(281479271874733, 'sensor_1_3_173', 3, 1),
	(281479271874734, 'sensor_1_3_174', 3, 1),
	(281479271874735, 'sensor_1_3_175', 3, 1),
	(281479271874736, 'sensor_1_3_176', 3, 1),
	(281479271874737, 'sensor_1_3_177', 3, 1),
	(281479271874738, 'sensor_1_3_178', 3, 1),
	(281479271874739, 'sensor_1_3_179', 3, 1),
	(281479271874740, 'sensor_1_3_180', 3, 1),
	(281479271874741, 'sensor_1_3_181', 3, 1),
	(281479271874742, 'sensor_1_3_182', 3, 1),
	(281479271874743, 'sensor_1_3_183', 3, 1),
	(281479271874744, 'sensor_1_3_184', 3, 1),
	(281479271874745, 'sensor_1_3_185', 3, 1),
	(281479271874746, 'sensor_1_3_186', 3, 1),
	(281479271874747, 'sensor_1_3_187', 3, 1),
	(281479271874748, 'sensor_1_3_188', 3, 1),
	(281479271874749, 'sensor_1_3_189', 3, 1),
	(281479271874750, 'sensor_1_3_190', 3, 1),
	(281479271874751, 'sensor_1_3_191', 3, 1),
	(281479271874752, 'sensor_1_3_192', 3, 1),
	(281479271874753, 'sensor_1_3_193', 3, 1),
	(281479271874754, 'sensor_1_3_194', 3, 1),
	(281479271874755, 'sensor_1_3_195', 3, 1),
	(281479271874756, 'sensor_1_3_196', 3, 1),
	(281479271874757, 'sensor_1_3_197', 3, 1),
	(281479271874758, 'sensor_1_3_198', 3, 1),
	(281479271874759, 'sensor_1_3_199', 3, 1),
	(281479271874760, 'sensor_1_3_200', 3, 1),
	(281479271940097, 'sensor_1_4_1', 4, 1),
	(281479271940098, 'sensor_1_4_2', 4, 1),
	(281479271940099, 'sensor_1_4_3', 4, 1),
	(281479271940100, 'sensor_1_4_4', 4, 1),
	(281479271940101, 'sensor_1_4_5', 4, 1),
	(281479271940102, 'sensor_1_4_6', 4, 1),
	(281479271940103, 'sensor_1_4_7', 4, 1),
	(281479271940104, 'sensor_1_4_8', 4, 1),
	(281479271940105, 'sensor_1_4_9', 4, 1),
	(281479271940106, 'sensor_1_4_10', 4, 1),
	(281479271940107, 'sensor_1_4_11', 4, 1),
	(281479271940108, 'sensor_1_4_12', 4, 1),
	(281479271940109, 'sensor_1_4_13', 4, 1),
	(281479271940110, 'sensor_1_4_14', 4, 1),
	(281479271940111, 'sensor_1_4_15', 4, 1),
	(281479271940112, 'sensor_1_4_16', 4, 1),
	(281479271940113, 'sensor_1_4_17', 4, 1),
	(281479271940114, 'sensor_1_4_18', 4, 1),
	(281479271940115, 'sensor_1_4_19', 4, 1),
	(281479271940116, 'sensor_1_4_20', 4, 1),
	(281479271940117, 'sensor_1_4_21', 4, 1),
	(281479271940118, 'sensor_1_4_22', 4, 1),
	(281479271940119, 'sensor_1_4_23', 4, 1),
	(281479271940120, 'sensor_1_4_24', 4, 1),
	(281479271940121, 'sensor_1_4_25', 4, 1),
	(281479271940122, 'sensor_1_4_26', 4, 1),
	(281479271940123, 'sensor_1_4_27', 4, 1),
	(281479271940124, 'sensor_1_4_28', 4, 1),
	(281479271940125, 'sensor_1_4_29', 4, 1),
	(281479271940126, 'sensor_1_4_30', 4, 1),
	(281479271940127, 'sensor_1_4_31', 4, 1),
	(281479271940128, 'sensor_1_4_32', 4, 1),
	(281479271940129, 'sensor_1_4_33', 4, 1),
	(281479271940130, 'sensor_1_4_34', 4, 1),
	(281479271940131, 'sensor_1_4_35', 4, 1),
	(281479271940132, 'sensor_1_4_36', 4, 1),
	(281479271940133, 'sensor_1_4_37', 4, 1),
	(281479271940134, 'sensor_1_4_38', 4, 1),
	(281479271940135, 'sensor_1_4_39', 4, 1),
	(281479271940136, 'sensor_1_4_40', 4, 1),
	(281479271940137, 'sensor_1_4_41', 4, 1),
	(281479271940138, 'sensor_1_4_42', 4, 1),
	(281479271940139, 'sensor_1_4_43', 4, 1),
	(281479271940140, 'sensor_1_4_44', 4, 1),
	(281479271940141, 'sensor_1_4_45', 4, 1),
	(281479271940142, 'sensor_1_4_46', 4, 1),
	(281479271940143, 'sensor_1_4_47', 4, 1),
	(281479271940144, 'sensor_1_4_48', 4, 1),
	(281479271940145, 'sensor_1_4_49', 4, 1),
	(281479271940146, 'sensor_1_4_50', 4, 1),
	(281479271940147, 'sensor_1_4_51', 4, 1),
	(281479271940148, 'sensor_1_4_52', 4, 1),
	(281479271940149, 'sensor_1_4_53', 4, 1),
	(281479271940150, 'sensor_1_4_54', 4, 1),
	(281479271940151, 'sensor_1_4_55', 4, 1),
	(281479271940152, 'sensor_1_4_56', 4, 1),
	(281479271940153, 'sensor_1_4_57', 4, 1),
	(281479271940154, 'sensor_1_4_58', 4, 1),
	(281479271940155, 'sensor_1_4_59', 4, 1),
	(281479271940156, 'sensor_1_4_60', 4, 1),
	(281479271940157, 'sensor_1_4_61', 4, 1),
	(281479271940158, 'sensor_1_4_62', 4, 1),
	(281479271940159, 'sensor_1_4_63', 4, 1),
	(281479271940160, 'sensor_1_4_64', 4, 1),
	(281479271940161, 'sensor_1_4_65', 4, 1),
	(281479271940162, 'sensor_1_4_66', 4, 1),
	(281479271940163, 'sensor_1_4_67', 4, 1),
	(281479271940164, 'sensor_1_4_68', 4, 1),
	(281479271940165, 'sensor_1_4_69', 4, 1),
	(281479271940166, 'sensor_1_4_70', 4, 1),
	(281479271940167, 'sensor_1_4_71', 4, 1),
	(281479271940168, 'sensor_1_4_72', 4, 1),
	(281479271940169, 'sensor_1_4_73', 4, 1),
	(281479271940170, 'sensor_1_4_74', 4, 1),
	(281479271940171, 'sensor_1_4_75', 4, 1),
	(281479271940172, 'sensor_1_4_76', 4, 1),
	(281479271940173, 'sensor_1_4_77', 4, 1),
	(281479271940174, 'sensor_1_4_78', 4, 1),
	(281479271940175, 'sensor_1_4_79', 4, 1),
	(281479271940176, 'sensor_1_4_80', 4, 1),
	(281479271940177, 'sensor_1_4_81', 4, 1),
	(281479271940178, 'sensor_1_4_82', 4, 1),
	(281479271940179, 'sensor_1_4_83', 4, 1),
	(281479271940180, 'sensor_1_4_84', 4, 1),
	(281479271940181, 'sensor_1_4_85', 4, 1),
	(281479271940182, 'sensor_1_4_86', 4, 1),
	(281479271940183, 'sensor_1_4_87', 4, 1),
	(281479271940184, 'sensor_1_4_88', 4, 1),
	(281479271940185, 'sensor_1_4_89', 4, 1),
	(281479271940186, 'sensor_1_4_90', 4, 1),
	(281479271940187, 'sensor_1_4_91', 4, 1),
	(281479271940188, 'sensor_1_4_92', 4, 1),
	(281479271940189, 'sensor_1_4_93', 4, 1),
	(281479271940190, 'sensor_1_4_94', 4, 1),
	(281479271940191, 'sensor_1_4_95', 4, 1),
	(281479271940192, 'sensor_1_4_96', 4, 1),
	(281479271940193, 'sensor_1_4_97', 4, 1),
	(281479271940194, 'sensor_1_4_98', 4, 1),
	(281479271940195, 'sensor_1_4_99', 4, 1),
	(281479271940196, 'sensor_1_4_100', 4, 1),
	(281479271940197, 'sensor_1_4_101', 4, 1),
	(281479271940198, 'sensor_1_4_102', 4, 1),
	(281479271940199, 'sensor_1_4_103', 4, 1),
	(281479271940200, 'sensor_1_4_104', 4, 1),
	(281479271940201, 'sensor_1_4_105', 4, 1),
	(281479271940202, 'sensor_1_4_106', 4, 1),
	(281479271940203, 'sensor_1_4_107', 4, 1),
	(281479271940204, 'sensor_1_4_108', 4, 1),
	(281479271940205, 'sensor_1_4_109', 4, 1),
	(281479271940206, 'sensor_1_4_110', 4, 1),
	(281479271940207, 'sensor_1_4_111', 4, 1),
	(281479271940208, 'sensor_1_4_112', 4, 1),
	(281479271940209, 'sensor_1_4_113', 4, 1),
	(281479271940210, 'sensor_1_4_114', 4, 1),
	(281479271940211, 'sensor_1_4_115', 4, 1),
	(281479271940212, 'sensor_1_4_116', 4, 1),
	(281479271940213, 'sensor_1_4_117', 4, 1),
	(281479271940214, 'sensor_1_4_118', 4, 1),
	(281479271940215, 'sensor_1_4_119', 4, 1),
	(281479271940216, 'sensor_1_4_120', 4, 1),
	(281479271940217, 'sensor_1_4_121', 4, 1),
	(281479271940218, 'sensor_1_4_122', 4, 1),
	(281479271940219, 'sensor_1_4_123', 4, 1),
	(281479271940220, 'sensor_1_4_124', 4, 1),
	(281479271940221, 'sensor_1_4_125', 4, 1),
	(281479271940222, 'sensor_1_4_126', 4, 1),
	(281479271940223, 'sensor_1_4_127', 4, 1),
	(281479271940224, 'sensor_1_4_128', 4, 1),
	(281479271940225, 'sensor_1_4_129', 4, 1),
	(281479271940226, 'sensor_1_4_130', 4, 1),
	(281479271940227, 'sensor_1_4_131', 4, 1),
	(281479271940228, 'sensor_1_4_132', 4, 1),
	(281479271940229, 'sensor_1_4_133', 4, 1),
	(281479271940230, 'sensor_1_4_134', 4, 1),
	(281479271940231, 'sensor_1_4_135', 4, 1),
	(281479271940232, 'sensor_1_4_136', 4, 1),
	(281479271940233, 'sensor_1_4_137', 4, 1),
	(281479271940234, 'sensor_1_4_138', 4, 1),
	(281479271940235, 'sensor_1_4_139', 4, 1),
	(281479271940236, 'sensor_1_4_140', 4, 1),
	(281479271940237, 'sensor_1_4_141', 4, 1),
	(281479271940238, 'sensor_1_4_142', 4, 1),
	(281479271940239, 'sensor_1_4_143', 4, 1),
	(281479271940240, 'sensor_1_4_144', 4, 1),
	(281479271940241, 'sensor_1_4_145', 4, 1),
	(281479271940242, 'sensor_1_4_146', 4, 1),
	(281479271940243, 'sensor_1_4_147', 4, 1),
	(281479271940244, 'sensor_1_4_148', 4, 1),
	(281479271940245, 'sensor_1_4_149', 4, 1),
	(281479271940246, 'sensor_1_4_150', 4, 1),
	(281479271940247, 'sensor_1_4_151', 4, 1),
	(281479271940248, 'sensor_1_4_152', 4, 1),
	(281479271940249, 'sensor_1_4_153', 4, 1),
	(281479271940250, 'sensor_1_4_154', 4, 1),
	(281479271940251, 'sensor_1_4_155', 4, 1),
	(281479271940252, 'sensor_1_4_156', 4, 1),
	(281479271940253, 'sensor_1_4_157', 4, 1),
	(281479271940254, 'sensor_1_4_158', 4, 1),
	(281479271940255, 'sensor_1_4_159', 4, 1),
	(281479271940256, 'sensor_1_4_160', 4, 1),
	(281479271940257, 'sensor_1_4_161', 4, 1),
	(281479271940258, 'sensor_1_4_162', 4, 1),
	(281479271940259, 'sensor_1_4_163', 4, 1),
	(281479271940260, 'sensor_1_4_164', 4, 1),
	(281479271940261, 'sensor_1_4_165', 4, 1),
	(281479271940262, 'sensor_1_4_166', 4, 1),
	(281479271940263, 'sensor_1_4_167', 4, 1),
	(281479271940264, 'sensor_1_4_168', 4, 1),
	(281479271940265, 'sensor_1_4_169', 4, 1),
	(281479271940266, 'sensor_1_4_170', 4, 1),
	(281479271940267, 'sensor_1_4_171', 4, 1),
	(281479271940268, 'sensor_1_4_172', 4, 1),
	(281479271940269, 'sensor_1_4_173', 4, 1),
	(281479271940270, 'sensor_1_4_174', 4, 1),
	(281479271940271, 'sensor_1_4_175', 4, 1),
	(281479271940272, 'sensor_1_4_176', 4, 1),
	(281479271940273, 'sensor_1_4_177', 4, 1),
	(281479271940274, 'sensor_1_4_178', 4, 1),
	(281479271940275, 'sensor_1_4_179', 4, 1),
	(281479271940276, 'sensor_1_4_180', 4, 1),
	(281479271940277, 'sensor_1_4_181', 4, 1),
	(281479271940278, 'sensor_1_4_182', 4, 1),
	(281479271940279, 'sensor_1_4_183', 4, 1),
	(281479271940280, 'sensor_1_4_184', 4, 1),
	(281479271940281, 'sensor_1_4_185', 4, 1),
	(281479271940282, 'sensor_1_4_186', 4, 1),
	(281479271940283, 'sensor_1_4_187', 4, 1),
	(281479271940284, 'sensor_1_4_188', 4, 1),
	(281479271940285, 'sensor_1_4_189', 4, 1),
	(281479271940286, 'sensor_1_4_190', 4, 1),
	(281479271940287, 'sensor_1_4_191', 4, 1),
	(281479271940288, 'sensor_1_4_192', 4, 1),
	(281479271940289, 'sensor_1_4_193', 4, 1),
	(281479271940290, 'sensor_1_4_194', 4, 1),
	(281479271940291, 'sensor_1_4_195', 4, 1),
	(281479271940292, 'sensor_1_4_196', 4, 1),
	(281479271940293, 'sensor_1_4_197', 4, 1),
	(281479271940294, 'sensor_1_4_198', 4, 1),
	(281479271940295, 'sensor_1_4_199', 4, 1),
	(281479271940296, 'sensor_1_4_200', 4, 1),
	(281479272005633, 'sensor_1_5_1', 5, 1),
	(281479272005634, 'sensor_1_5_2', 5, 1),
	(281479272005635, 'sensor_1_5_3', 5, 1),
	(281479272005636, 'sensor_1_5_4', 5, 1),
	(281479272005637, 'sensor_1_5_5', 5, 1),
	(281479272005638, 'sensor_1_5_6', 5, 1),
	(281479272005639, 'sensor_1_5_7', 5, 1),
	(281479272005640, 'sensor_1_5_8', 5, 1),
	(281479272005641, 'sensor_1_5_9', 5, 1),
	(281479272005642, 'sensor_1_5_10', 5, 1),
	(281479272005643, 'sensor_1_5_11', 5, 1),
	(281479272005644, 'sensor_1_5_12', 5, 1),
	(281479272005645, 'sensor_1_5_13', 5, 1),
	(281479272005646, 'sensor_1_5_14', 5, 1),
	(281479272005647, 'sensor_1_5_15', 5, 1),
	(281479272005648, 'sensor_1_5_16', 5, 1),
	(281479272005649, 'sensor_1_5_17', 5, 1),
	(281479272005650, 'sensor_1_5_18', 5, 1),
	(281479272005651, 'sensor_1_5_19', 5, 1),
	(281479272005652, 'sensor_1_5_20', 5, 1),
	(281479272005653, 'sensor_1_5_21', 5, 1),
	(281479272005654, 'sensor_1_5_22', 5, 1),
	(281479272005655, 'sensor_1_5_23', 5, 1),
	(281479272005656, 'sensor_1_5_24', 5, 1),
	(281479272005657, 'sensor_1_5_25', 5, 1),
	(281479272005658, 'sensor_1_5_26', 5, 1),
	(281479272005659, 'sensor_1_5_27', 5, 1),
	(281479272005660, 'sensor_1_5_28', 5, 1),
	(281479272005661, 'sensor_1_5_29', 5, 1),
	(281479272005662, 'sensor_1_5_30', 5, 1),
	(281479272005663, 'sensor_1_5_31', 5, 1),
	(281479272005664, 'sensor_1_5_32', 5, 1),
	(281479272005665, 'sensor_1_5_33', 5, 1),
	(281479272005666, 'sensor_1_5_34', 5, 1),
	(281479272005667, 'sensor_1_5_35', 5, 1),
	(281479272005668, 'sensor_1_5_36', 5, 1),
	(281479272005669, 'sensor_1_5_37', 5, 1),
	(281479272005670, 'sensor_1_5_38', 5, 1),
	(281479272005671, 'sensor_1_5_39', 5, 1),
	(281479272005672, 'sensor_1_5_40', 5, 1),
	(281479272005673, 'sensor_1_5_41', 5, 1),
	(281479272005674, 'sensor_1_5_42', 5, 1),
	(281479272005675, 'sensor_1_5_43', 5, 1),
	(281479272005676, 'sensor_1_5_44', 5, 1),
	(281479272005677, 'sensor_1_5_45', 5, 1),
	(281479272005678, 'sensor_1_5_46', 5, 1),
	(281479272005679, 'sensor_1_5_47', 5, 1),
	(281479272005680, 'sensor_1_5_48', 5, 1),
	(281479272005681, 'sensor_1_5_49', 5, 1),
	(281479272005682, 'sensor_1_5_50', 5, 1),
	(281479272005683, 'sensor_1_5_51', 5, 1),
	(281479272005684, 'sensor_1_5_52', 5, 1),
	(281479272005685, 'sensor_1_5_53', 5, 1),
	(281479272005686, 'sensor_1_5_54', 5, 1),
	(281479272005687, 'sensor_1_5_55', 5, 1),
	(281479272005688, 'sensor_1_5_56', 5, 1),
	(281479272005689, 'sensor_1_5_57', 5, 1),
	(281479272005690, 'sensor_1_5_58', 5, 1),
	(281479272005691, 'sensor_1_5_59', 5, 1),
	(281479272005692, 'sensor_1_5_60', 5, 1),
	(281479272005693, 'sensor_1_5_61', 5, 1),
	(281479272005694, 'sensor_1_5_62', 5, 1),
	(281479272005695, 'sensor_1_5_63', 5, 1),
	(281479272005696, 'sensor_1_5_64', 5, 1),
	(281479272005697, 'sensor_1_5_65', 5, 1),
	(281479272005698, 'sensor_1_5_66', 5, 1),
	(281479272005699, 'sensor_1_5_67', 5, 1),
	(281479272005700, 'sensor_1_5_68', 5, 1),
	(281479272005701, 'sensor_1_5_69', 5, 1),
	(281479272005702, 'sensor_1_5_70', 5, 1),
	(281479272005703, 'sensor_1_5_71', 5, 1),
	(281479272005704, 'sensor_1_5_72', 5, 1),
	(281479272005705, 'sensor_1_5_73', 5, 1),
	(281479272005706, 'sensor_1_5_74', 5, 1),
	(281479272005707, 'sensor_1_5_75', 5, 1),
	(281479272005708, 'sensor_1_5_76', 5, 1),
	(281479272005709, 'sensor_1_5_77', 5, 1),
	(281479272005710, 'sensor_1_5_78', 5, 1),
	(281479272005711, 'sensor_1_5_79', 5, 1),
	(281479272005712, 'sensor_1_5_80', 5, 1),
	(281479272005713, 'sensor_1_5_81', 5, 1),
	(281479272005714, 'sensor_1_5_82', 5, 1),
	(281479272005715, 'sensor_1_5_83', 5, 1),
	(281479272005716, 'sensor_1_5_84', 5, 1),
	(281479272005717, 'sensor_1_5_85', 5, 1),
	(281479272005718, 'sensor_1_5_86', 5, 1),
	(281479272005719, 'sensor_1_5_87', 5, 1),
	(281479272005720, 'sensor_1_5_88', 5, 1),
	(281479272005721, 'sensor_1_5_89', 5, 1),
	(281479272005722, 'sensor_1_5_90', 5, 1),
	(281479272005723, 'sensor_1_5_91', 5, 1),
	(281479272005724, 'sensor_1_5_92', 5, 1),
	(281479272005725, 'sensor_1_5_93', 5, 1),
	(281479272005726, 'sensor_1_5_94', 5, 1),
	(281479272005727, 'sensor_1_5_95', 5, 1),
	(281479272005728, 'sensor_1_5_96', 5, 1),
	(281479272005729, 'sensor_1_5_97', 5, 1),
	(281479272005730, 'sensor_1_5_98', 5, 1),
	(281479272005731, 'sensor_1_5_99', 5, 1),
	(281479272005732, 'sensor_1_5_100', 5, 1),
	(281479272005733, 'sensor_1_5_101', 5, 1),
	(281479272005734, 'sensor_1_5_102', 5, 1),
	(281479272005735, 'sensor_1_5_103', 5, 1),
	(281479272005736, 'sensor_1_5_104', 5, 1),
	(281479272005737, 'sensor_1_5_105', 5, 1),
	(281479272005738, 'sensor_1_5_106', 5, 1),
	(281479272005739, 'sensor_1_5_107', 5, 1),
	(281479272005740, 'sensor_1_5_108', 5, 1),
	(281479272005741, 'sensor_1_5_109', 5, 1),
	(281479272005742, 'sensor_1_5_110', 5, 1),
	(281479272005743, 'sensor_1_5_111', 5, 1),
	(281479272005744, 'sensor_1_5_112', 5, 1),
	(281479272005745, 'sensor_1_5_113', 5, 1),
	(281479272005746, 'sensor_1_5_114', 5, 1),
	(281479272005747, 'sensor_1_5_115', 5, 1),
	(281479272005748, 'sensor_1_5_116', 5, 1),
	(281479272005749, 'sensor_1_5_117', 5, 1),
	(281479272005750, 'sensor_1_5_118', 5, 1),
	(281479272005751, 'sensor_1_5_119', 5, 1),
	(281479272005752, 'sensor_1_5_120', 5, 1),
	(281479272005753, 'sensor_1_5_121', 5, 1),
	(281479272005754, 'sensor_1_5_122', 5, 1),
	(281479272005755, 'sensor_1_5_123', 5, 1),
	(281479272005756, 'sensor_1_5_124', 5, 1),
	(281479272005757, 'sensor_1_5_125', 5, 1),
	(281479272005758, 'sensor_1_5_126', 5, 1),
	(281479272005759, 'sensor_1_5_127', 5, 1),
	(281479272005760, 'sensor_1_5_128', 5, 1),
	(281479272005761, 'sensor_1_5_129', 5, 1),
	(281479272005762, 'sensor_1_5_130', 5, 1),
	(281479272005763, 'sensor_1_5_131', 5, 1),
	(281479272005764, 'sensor_1_5_132', 5, 1),
	(281479272005765, 'sensor_1_5_133', 5, 1),
	(281479272005766, 'sensor_1_5_134', 5, 1),
	(281479272005767, 'sensor_1_5_135', 5, 1),
	(281479272005768, 'sensor_1_5_136', 5, 1),
	(281479272005769, 'sensor_1_5_137', 5, 1),
	(281479272005770, 'sensor_1_5_138', 5, 1),
	(281479272005771, 'sensor_1_5_139', 5, 1),
	(281479272005772, 'sensor_1_5_140', 5, 1),
	(281479272005773, 'sensor_1_5_141', 5, 1),
	(281479272005774, 'sensor_1_5_142', 5, 1),
	(281479272005775, 'sensor_1_5_143', 5, 1),
	(281479272005776, 'sensor_1_5_144', 5, 1),
	(281479272005777, 'sensor_1_5_145', 5, 1),
	(281479272005778, 'sensor_1_5_146', 5, 1),
	(281479272005779, 'sensor_1_5_147', 5, 1),
	(281479272005780, 'sensor_1_5_148', 5, 1),
	(281479272005781, 'sensor_1_5_149', 5, 1),
	(281479272005782, 'sensor_1_5_150', 5, 1),
	(281479272005783, 'sensor_1_5_151', 5, 1),
	(281479272005784, 'sensor_1_5_152', 5, 1),
	(281479272005785, 'sensor_1_5_153', 5, 1),
	(281479272005786, 'sensor_1_5_154', 5, 1),
	(281479272005787, 'sensor_1_5_155', 5, 1),
	(281479272005788, 'sensor_1_5_156', 5, 1),
	(281479272005789, 'sensor_1_5_157', 5, 1),
	(281479272005790, 'sensor_1_5_158', 5, 1),
	(281479272005791, 'sensor_1_5_159', 5, 1),
	(281479272005792, 'sensor_1_5_160', 5, 1),
	(281479272005793, 'sensor_1_5_161', 5, 1),
	(281479272005794, 'sensor_1_5_162', 5, 1),
	(281479272005795, 'sensor_1_5_163', 5, 1),
	(281479272005796, 'sensor_1_5_164', 5, 1),
	(281479272005797, 'sensor_1_5_165', 5, 1),
	(281479272005798, 'sensor_1_5_166', 5, 1),
	(281479272005799, 'sensor_1_5_167', 5, 1),
	(281479272005800, 'sensor_1_5_168', 5, 1),
	(281479272005801, 'sensor_1_5_169', 5, 1),
	(281479272005802, 'sensor_1_5_170', 5, 1),
	(281479272005803, 'sensor_1_5_171', 5, 1),
	(281479272005804, 'sensor_1_5_172', 5, 1),
	(281479272005805, 'sensor_1_5_173', 5, 1),
	(281479272005806, 'sensor_1_5_174', 5, 1),
	(281479272005807, 'sensor_1_5_175', 5, 1),
	(281479272005808, 'sensor_1_5_176', 5, 1),
	(281479272005809, 'sensor_1_5_177', 5, 1),
	(281479272005810, 'sensor_1_5_178', 5, 1),
	(281479272005811, 'sensor_1_5_179', 5, 1),
	(281479272005812, 'sensor_1_5_180', 5, 1),
	(281479272005813, 'sensor_1_5_181', 5, 1),
	(281479272005814, 'sensor_1_5_182', 5, 1),
	(281479272005815, 'sensor_1_5_183', 5, 1),
	(281479272005816, 'sensor_1_5_184', 5, 1),
	(281479272005817, 'sensor_1_5_185', 5, 1),
	(281479272005818, 'sensor_1_5_186', 5, 1),
	(281479272005819, 'sensor_1_5_187', 5, 1),
	(281479272005820, 'sensor_1_5_188', 5, 1),
	(281479272005821, 'sensor_1_5_189', 5, 1),
	(281479272005822, 'sensor_1_5_190', 5, 1),
	(281479272005823, 'sensor_1_5_191', 5, 1),
	(281479272005824, 'sensor_1_5_192', 5, 1),
	(281479272005825, 'sensor_1_5_193', 5, 1),
	(281479272005826, 'sensor_1_5_194', 5, 1),
	(281479272005827, 'sensor_1_5_195', 5, 1),
	(281479272005828, 'sensor_1_5_196', 5, 1),
	(281479272005829, 'sensor_1_5_197', 5, 1),
	(281479272005830, 'sensor_1_5_198', 5, 1),
	(281479272005831, 'sensor_1_5_199', 5, 1),
	(281479272005832, 'sensor_1_5_200', 5, 1),
	(281479272005833, 'sensor_1_5_201', 5, 5),
	(281479272005834, 'sensor_1_5_202', 5, 5),
	(281479272005835, 'sensor_1_5_203', 5, 5),
	(281479272071169, 'sensor_1_6_1', 6, 1),
	(281479272071170, 'sensor_1_6_2', 6, 1),
	(281479272071171, 'sensor_1_6_3', 6, 1),
	(281479272071172, 'sensor_1_6_4', 6, 1),
	(281479272071173, 'sensor_1_6_5', 6, 1),
	(281479272071174, 'sensor_1_6_6', 6, 1),
	(281479272071175, 'sensor_1_6_7', 6, 1),
	(281479272071176, 'sensor_1_6_8', 6, 1),
	(281479272071177, 'sensor_1_6_9', 6, 1),
	(281479272071178, 'sensor_1_6_10', 6, 1),
	(281479272071179, 'sensor_1_6_11', 6, 1),
	(281479272071180, 'sensor_1_6_12', 6, 1),
	(281479272071181, 'sensor_1_6_13', 6, 1),
	(281479272071182, 'sensor_1_6_14', 6, 1),
	(281479272071183, 'sensor_1_6_15', 6, 1),
	(281479272071184, 'sensor_1_6_16', 6, 1),
	(281479272071185, 'sensor_1_6_17', 6, 1),
	(281479272071186, 'sensor_1_6_18', 6, 1),
	(281479272071187, 'sensor_1_6_19', 6, 1),
	(281479272071188, 'sensor_1_6_20', 6, 1),
	(281479272071189, 'sensor_1_6_21', 6, 1),
	(281479272071190, 'sensor_1_6_22', 6, 1),
	(281479272071191, 'sensor_1_6_23', 6, 1),
	(281479272071192, 'sensor_1_6_24', 6, 1),
	(281479272071193, 'sensor_1_6_25', 6, 1),
	(281479272071194, 'sensor_1_6_26', 6, 1),
	(281479272071195, 'sensor_1_6_27', 6, 1),
	(281479272071196, 'sensor_1_6_28', 6, 1),
	(281479272071197, 'sensor_1_6_29', 6, 1),
	(281479272071198, 'sensor_1_6_30', 6, 1),
	(281479272071199, 'sensor_1_6_31', 6, 1),
	(281479272071200, 'sensor_1_6_32', 6, 1),
	(281479272071201, 'sensor_1_6_33', 6, 1),
	(281479272071202, 'sensor_1_6_34', 6, 1),
	(281479272071203, 'sensor_1_6_35', 6, 1),
	(281479272071204, 'sensor_1_6_36', 6, 1),
	(281479272071205, 'sensor_1_6_37', 6, 1),
	(281479272071206, 'sensor_1_6_38', 6, 1),
	(281479272071207, 'sensor_1_6_39', 6, 1),
	(281479272071208, 'sensor_1_6_40', 6, 1),
	(281479272071209, 'sensor_1_6_41', 6, 1),
	(281479272071210, 'sensor_1_6_42', 6, 1),
	(281479272071211, 'sensor_1_6_43', 6, 1),
	(281479272071212, 'sensor_1_6_44', 6, 1),
	(281479272071213, 'sensor_1_6_45', 6, 1),
	(281479272071214, 'sensor_1_6_46', 6, 1),
	(281479272071215, 'sensor_1_6_47', 6, 1),
	(281479272071216, 'sensor_1_6_48', 6, 1),
	(281479272071217, 'sensor_1_6_49', 6, 1),
	(281479272071218, 'sensor_1_6_50', 6, 1),
	(281479272071219, 'sensor_1_6_51', 6, 1),
	(281479272071220, 'sensor_1_6_52', 6, 1),
	(281479272071221, 'sensor_1_6_53', 6, 1),
	(281479272071222, 'sensor_1_6_54', 6, 1),
	(281479272071223, 'sensor_1_6_55', 6, 1),
	(281479272071224, 'sensor_1_6_56', 6, 1),
	(281479272071225, 'sensor_1_6_57', 6, 1),
	(281479272071226, 'sensor_1_6_58', 6, 1),
	(281479272071227, 'sensor_1_6_59', 6, 1),
	(281479272071228, 'sensor_1_6_60', 6, 1),
	(281479272071229, 'sensor_1_6_61', 6, 1),
	(281479272071230, 'sensor_1_6_62', 6, 1),
	(281479272071231, 'sensor_1_6_63', 6, 1),
	(281479272071232, 'sensor_1_6_64', 6, 1),
	(281479272071233, 'sensor_1_6_65', 6, 1),
	(281479272071234, 'sensor_1_6_66', 6, 1),
	(281479272071235, 'sensor_1_6_67', 6, 1),
	(281479272071236, 'sensor_1_6_68', 6, 1),
	(281479272071237, 'sensor_1_6_69', 6, 1),
	(281479272071238, 'sensor_1_6_70', 6, 1),
	(281479272071239, 'sensor_1_6_71', 6, 1),
	(281479272071240, 'sensor_1_6_72', 6, 1),
	(281479272071241, 'sensor_1_6_73', 6, 1),
	(281479272071242, 'sensor_1_6_74', 6, 1),
	(281479272071243, 'sensor_1_6_75', 6, 1),
	(281479272071244, 'sensor_1_6_76', 6, 1),
	(281479272071245, 'sensor_1_6_77', 6, 1),
	(281479272071246, 'sensor_1_6_78', 6, 1),
	(281479272071247, 'sensor_1_6_79', 6, 1),
	(281479272071248, 'sensor_1_6_80', 6, 1),
	(281479272071249, 'sensor_1_6_81', 6, 1),
	(281479272071250, 'sensor_1_6_82', 6, 1),
	(281479272071251, 'sensor_1_6_83', 6, 1),
	(281479272071252, 'sensor_1_6_84', 6, 1),
	(281479272071253, 'sensor_1_6_85', 6, 1),
	(281479272071254, 'sensor_1_6_86', 6, 1),
	(281479272071255, 'sensor_1_6_87', 6, 1),
	(281479272071256, 'sensor_1_6_88', 6, 1),
	(281479272071257, 'sensor_1_6_89', 6, 1),
	(281479272071258, 'sensor_1_6_90', 6, 1),
	(281479272071259, 'sensor_1_6_91', 6, 1),
	(281479272071260, 'sensor_1_6_92', 6, 1),
	(281479272071261, 'sensor_1_6_93', 6, 1),
	(281479272071262, 'sensor_1_6_94', 6, 1),
	(281479272071263, 'sensor_1_6_95', 6, 1),
	(281479272071264, 'sensor_1_6_96', 6, 1),
	(281479272071265, 'sensor_1_6_97', 6, 1),
	(281479272071266, 'sensor_1_6_98', 6, 1),
	(281479272071267, 'sensor_1_6_99', 6, 1),
	(281479272071268, 'sensor_1_6_100', 6, 1),
	(281479272071269, 'sensor_1_6_101', 6, 1),
	(281479272071270, 'sensor_1_6_102', 6, 1),
	(281479272071271, 'sensor_1_6_103', 6, 1),
	(281479272071272, 'sensor_1_6_104', 6, 1),
	(281479272071273, 'sensor_1_6_105', 6, 1),
	(281479272071274, 'sensor_1_6_106', 6, 1),
	(281479272071275, 'sensor_1_6_107', 6, 1),
	(281479272071276, 'sensor_1_6_108', 6, 1),
	(281479272071277, 'sensor_1_6_109', 6, 1),
	(281479272071278, 'sensor_1_6_110', 6, 1),
	(281479272071279, 'sensor_1_6_111', 6, 1),
	(281479272071280, 'sensor_1_6_112', 6, 1),
	(281479272071281, 'sensor_1_6_113', 6, 1),
	(281479272071282, 'sensor_1_6_114', 6, 1),
	(281479272071283, 'sensor_1_6_115', 6, 1),
	(281479272071284, 'sensor_1_6_116', 6, 1),
	(281479272071285, 'sensor_1_6_117', 6, 1),
	(281479272071286, 'sensor_1_6_118', 6, 1),
	(281479272071287, 'sensor_1_6_119', 6, 1),
	(281479272071288, 'sensor_1_6_120', 6, 1),
	(281479272071289, 'sensor_1_6_121', 6, 1),
	(281479272071290, 'sensor_1_6_122', 6, 1),
	(281479272071291, 'sensor_1_6_123', 6, 1),
	(281479272071292, 'sensor_1_6_124', 6, 1),
	(281479272071293, 'sensor_1_6_125', 6, 1),
	(281479272071294, 'sensor_1_6_126', 6, 1),
	(281479272071295, 'sensor_1_6_127', 6, 1),
	(281479272071296, 'sensor_1_6_128', 6, 1),
	(281479272071297, 'sensor_1_6_129', 6, 1),
	(281479272071298, 'sensor_1_6_130', 6, 1),
	(281479272071299, 'sensor_1_6_131', 6, 1),
	(281479272071300, 'sensor_1_6_132', 6, 1),
	(281479272071301, 'sensor_1_6_133', 6, 1),
	(281479272071302, 'sensor_1_6_134', 6, 1),
	(281479272071303, 'sensor_1_6_135', 6, 1),
	(281479272071304, 'sensor_1_6_136', 6, 1),
	(281479272071305, 'sensor_1_6_137', 6, 1),
	(281479272071306, 'sensor_1_6_138', 6, 1),
	(281479272071307, 'sensor_1_6_139', 6, 1),
	(281479272071308, 'sensor_1_6_140', 6, 1),
	(281479272071309, 'sensor_1_6_141', 6, 1),
	(281479272071310, 'sensor_1_6_142', 6, 1),
	(281479272071311, 'sensor_1_6_143', 6, 1),
	(281479272071312, 'sensor_1_6_144', 6, 1),
	(281479272071313, 'sensor_1_6_145', 6, 1),
	(281479272071314, 'sensor_1_6_146', 6, 1),
	(281479272071315, 'sensor_1_6_147', 6, 1),
	(281479272071316, 'sensor_1_6_148', 6, 1),
	(281479272071317, 'sensor_1_6_149', 6, 1),
	(281479272071318, 'sensor_1_6_150', 6, 1),
	(281479272071319, 'sensor_1_6_151', 6, 1),
	(281479272071320, 'sensor_1_6_152', 6, 1),
	(281479272071321, 'sensor_1_6_153', 6, 1),
	(281479272071322, 'sensor_1_6_154', 6, 1),
	(281479272071323, 'sensor_1_6_155', 6, 1),
	(281479272071324, 'sensor_1_6_156', 6, 1),
	(281479272071325, 'sensor_1_6_157', 6, 1),
	(281479272071326, 'sensor_1_6_158', 6, 1),
	(281479272071327, 'sensor_1_6_159', 6, 1),
	(281479272071328, 'sensor_1_6_160', 6, 1),
	(281479272071329, 'sensor_1_6_161', 6, 1),
	(281479272071330, 'sensor_1_6_162', 6, 1),
	(281479272071331, 'sensor_1_6_163', 6, 1),
	(281479272071332, 'sensor_1_6_164', 6, 1),
	(281479272071333, 'sensor_1_6_165', 6, 1),
	(281479272071334, 'sensor_1_6_166', 6, 1),
	(281479272071335, 'sensor_1_6_167', 6, 1),
	(281479272071336, 'sensor_1_6_168', 6, 1),
	(281479272071337, 'sensor_1_6_169', 6, 1),
	(281479272071338, 'sensor_1_6_170', 6, 1),
	(281479272071339, 'sensor_1_6_171', 6, 1),
	(281479272071340, 'sensor_1_6_172', 6, 1),
	(281479272071341, 'sensor_1_6_173', 6, 1),
	(281479272071342, 'sensor_1_6_174', 6, 1),
	(281479272071343, 'sensor_1_6_175', 6, 1),
	(281479272071344, 'sensor_1_6_176', 6, 1),
	(281479272071345, 'sensor_1_6_177', 6, 1),
	(281479272071346, 'sensor_1_6_178', 6, 1),
	(281479272071347, 'sensor_1_6_179', 6, 1),
	(281479272071348, 'sensor_1_6_180', 6, 1),
	(281479272071349, 'sensor_1_6_181', 6, 1),
	(281479272071350, 'sensor_1_6_182', 6, 1),
	(281479272071351, 'sensor_1_6_183', 6, 1),
	(281479272071352, 'sensor_1_6_184', 6, 1),
	(281479272071353, 'sensor_1_6_185', 6, 1),
	(281479272071354, 'sensor_1_6_186', 6, 1),
	(281479272071355, 'sensor_1_6_187', 6, 1),
	(281479272071356, 'sensor_1_6_188', 6, 1),
	(281479272071357, 'sensor_1_6_189', 6, 1),
	(281479272071358, 'sensor_1_6_190', 6, 1),
	(281479272071359, 'sensor_1_6_191', 6, 1),
	(281479272071360, 'sensor_1_6_192', 6, 1),
	(281479272071361, 'sensor_1_6_193', 6, 1),
	(281479272071362, 'sensor_1_6_194', 6, 1),
	(281479272071363, 'sensor_1_6_195', 6, 1),
	(281479272071364, 'sensor_1_6_196', 6, 1),
	(281479272071365, 'sensor_1_6_197', 6, 1),
	(281479272071366, 'sensor_1_6_198', 6, 1),
	(281479272071367, 'sensor_1_6_199', 6, 1),
	(281479272071368, 'sensor_1_6_200', 6, 1),
	(281479272136705, 'sensor_1_7_1', 7, 1),
	(281479272136706, 'sensor_1_7_2', 7, 1),
	(281479272136707, 'sensor_1_7_3', 7, 1),
	(281479272136708, 'sensor_1_7_4', 7, 1),
	(281479272136709, 'sensor_1_7_5', 7, 1),
	(281479272136710, 'sensor_1_7_6', 7, 1),
	(281479272136711, 'sensor_1_7_7', 7, 1),
	(281479272136712, 'sensor_1_7_8', 7, 1),
	(281479272136713, 'sensor_1_7_9', 7, 1),
	(281479272136714, 'sensor_1_7_10', 7, 1),
	(281479272136715, 'sensor_1_7_11', 7, 1),
	(281479272136716, 'sensor_1_7_12', 7, 1),
	(281479272136717, 'sensor_1_7_13', 7, 1),
	(281479272136718, 'sensor_1_7_14', 7, 1),
	(281479272136719, 'sensor_1_7_15', 7, 1),
	(281479272136720, 'sensor_1_7_16', 7, 1),
	(281479272136721, 'sensor_1_7_17', 7, 1),
	(281479272136722, 'sensor_1_7_18', 7, 1),
	(281479272136723, 'sensor_1_7_19', 7, 1),
	(281479272136724, 'sensor_1_7_20', 7, 1),
	(281479272136725, 'sensor_1_7_21', 7, 1),
	(281479272136726, 'sensor_1_7_22', 7, 1),
	(281479272136727, 'sensor_1_7_23', 7, 1),
	(281479272136728, 'sensor_1_7_24', 7, 1),
	(281479272136729, 'sensor_1_7_25', 7, 1),
	(281479272136730, 'sensor_1_7_26', 7, 1),
	(281479272136731, 'sensor_1_7_27', 7, 1),
	(281479272136732, 'sensor_1_7_28', 7, 1),
	(281479272136733, 'sensor_1_7_29', 7, 1),
	(281479272136734, 'sensor_1_7_30', 7, 1),
	(281479272136735, 'sensor_1_7_31', 7, 1),
	(281479272136736, 'sensor_1_7_32', 7, 1),
	(281479272136737, 'sensor_1_7_33', 7, 1),
	(281479272136738, 'sensor_1_7_34', 7, 1),
	(281479272136739, 'sensor_1_7_35', 7, 1),
	(281479272136740, 'sensor_1_7_36', 7, 1),
	(281479272136741, 'sensor_1_7_37', 7, 1),
	(281479272136742, 'sensor_1_7_38', 7, 1),
	(281479272136743, 'sensor_1_7_39', 7, 1),
	(281479272136744, 'sensor_1_7_40', 7, 1),
	(281479272136745, 'sensor_1_7_41', 7, 1),
	(281479272136746, 'sensor_1_7_42', 7, 1),
	(281479272136747, 'sensor_1_7_43', 7, 1),
	(281479272136748, 'sensor_1_7_44', 7, 1),
	(281479272136749, 'sensor_1_7_45', 7, 1),
	(281479272136750, 'sensor_1_7_46', 7, 1),
	(281479272136751, 'sensor_1_7_47', 7, 1),
	(281479272136752, 'sensor_1_7_48', 7, 1),
	(281479272136753, 'sensor_1_7_49', 7, 1),
	(281479272136754, 'sensor_1_7_50', 7, 1),
	(281479272136755, 'sensor_1_7_51', 7, 1),
	(281479272136756, 'sensor_1_7_52', 7, 1),
	(281479272136757, 'sensor_1_7_53', 7, 1),
	(281479272136758, 'sensor_1_7_54', 7, 1),
	(281479272136759, 'sensor_1_7_55', 7, 1),
	(281479272136760, 'sensor_1_7_56', 7, 1),
	(281479272136761, 'sensor_1_7_57', 7, 1),
	(281479272136762, 'sensor_1_7_58', 7, 1),
	(281479272136763, 'sensor_1_7_59', 7, 1),
	(281479272136764, 'sensor_1_7_60', 7, 1),
	(281479272136765, 'sensor_1_7_61', 7, 1),
	(281479272136766, 'sensor_1_7_62', 7, 1),
	(281479272136767, 'sensor_1_7_63', 7, 1),
	(281479272136768, 'sensor_1_7_64', 7, 1),
	(281479272136769, 'sensor_1_7_65', 7, 1),
	(281479272136770, 'sensor_1_7_66', 7, 1),
	(281479272136771, 'sensor_1_7_67', 7, 1),
	(281479272136772, 'sensor_1_7_68', 7, 1),
	(281479272136773, 'sensor_1_7_69', 7, 1),
	(281479272136774, 'sensor_1_7_70', 7, 1),
	(281479272136775, 'sensor_1_7_71', 7, 1),
	(281479272136776, 'sensor_1_7_72', 7, 1),
	(281479272136777, 'sensor_1_7_73', 7, 1),
	(281479272136778, 'sensor_1_7_74', 7, 1),
	(281479272136779, 'sensor_1_7_75', 7, 1),
	(281479272136780, 'sensor_1_7_76', 7, 1),
	(281479272136781, 'sensor_1_7_77', 7, 1),
	(281479272136782, 'sensor_1_7_78', 7, 1),
	(281479272136783, 'sensor_1_7_79', 7, 1),
	(281479272136784, 'sensor_1_7_80', 7, 1),
	(281479272136785, 'sensor_1_7_81', 7, 1),
	(281479272136786, 'sensor_1_7_82', 7, 1),
	(281479272136787, 'sensor_1_7_83', 7, 1),
	(281479272136788, 'sensor_1_7_84', 7, 1),
	(281479272136789, 'sensor_1_7_85', 7, 1),
	(281479272136790, 'sensor_1_7_86', 7, 1),
	(281479272136791, 'sensor_1_7_87', 7, 1),
	(281479272136792, 'sensor_1_7_88', 7, 1),
	(281479272136793, 'sensor_1_7_89', 7, 1),
	(281479272136794, 'sensor_1_7_90', 7, 1),
	(281479272136795, 'sensor_1_7_91', 7, 1),
	(281479272136796, 'sensor_1_7_92', 7, 1),
	(281479272136797, 'sensor_1_7_93', 7, 1),
	(281479272136798, 'sensor_1_7_94', 7, 1),
	(281479272136799, 'sensor_1_7_95', 7, 1),
	(281479272136800, 'sensor_1_7_96', 7, 1),
	(281479272136801, 'sensor_1_7_97', 7, 1),
	(281479272136802, 'sensor_1_7_98', 7, 1),
	(281479272136803, 'sensor_1_7_99', 7, 1),
	(281479272136804, 'sensor_1_7_100', 7, 1),
	(281479272136805, 'sensor_1_7_101', 7, 1),
	(281479272136806, 'sensor_1_7_102', 7, 1),
	(281479272136807, 'sensor_1_7_103', 7, 1),
	(281479272136808, 'sensor_1_7_104', 7, 1),
	(281479272136809, 'sensor_1_7_105', 7, 1),
	(281479272136810, 'sensor_1_7_106', 7, 1),
	(281479272136811, 'sensor_1_7_107', 7, 1),
	(281479272136812, 'sensor_1_7_108', 7, 1),
	(281479272136813, 'sensor_1_7_109', 7, 1),
	(281479272136814, 'sensor_1_7_110', 7, 1),
	(281479272136815, 'sensor_1_7_111', 7, 1),
	(281479272136816, 'sensor_1_7_112', 7, 1),
	(281479272136817, 'sensor_1_7_113', 7, 1),
	(281479272136818, 'sensor_1_7_114', 7, 1),
	(281479272136819, 'sensor_1_7_115', 7, 1),
	(281479272136820, 'sensor_1_7_116', 7, 1),
	(281479272136821, 'sensor_1_7_117', 7, 1),
	(281479272136822, 'sensor_1_7_118', 7, 1),
	(281479272136823, 'sensor_1_7_119', 7, 1),
	(281479272136824, 'sensor_1_7_120', 7, 1),
	(281479272136825, 'sensor_1_7_121', 7, 1),
	(281479272136826, 'sensor_1_7_122', 7, 1),
	(281479272136827, 'sensor_1_7_123', 7, 1),
	(281479272136828, 'sensor_1_7_124', 7, 1),
	(281479272136829, 'sensor_1_7_125', 7, 1),
	(281479272136830, 'sensor_1_7_126', 7, 1),
	(281479272136831, 'sensor_1_7_127', 7, 1),
	(281479272136832, 'sensor_1_7_128', 7, 1),
	(281479272136833, 'sensor_1_7_129', 7, 1),
	(281479272136834, 'sensor_1_7_130', 7, 1),
	(281479272136835, 'sensor_1_7_131', 7, 1),
	(281479272136836, 'sensor_1_7_132', 7, 1),
	(281479272136837, 'sensor_1_7_133', 7, 1),
	(281479272136838, 'sensor_1_7_134', 7, 1),
	(281479272136839, 'sensor_1_7_135', 7, 1),
	(281479272136840, 'sensor_1_7_136', 7, 1),
	(281479272136841, 'sensor_1_7_137', 7, 1),
	(281479272136842, 'sensor_1_7_138', 7, 1),
	(281479272136843, 'sensor_1_7_139', 7, 1),
	(281479272136844, 'sensor_1_7_140', 7, 1),
	(281479272136845, 'sensor_1_7_141', 7, 1),
	(281479272136846, 'sensor_1_7_142', 7, 1),
	(281479272136847, 'sensor_1_7_143', 7, 1),
	(281479272136848, 'sensor_1_7_144', 7, 1),
	(281479272136849, 'sensor_1_7_145', 7, 1),
	(281479272136850, 'sensor_1_7_146', 7, 1),
	(281479272136851, 'sensor_1_7_147', 7, 1),
	(281479272136852, 'sensor_1_7_148', 7, 1),
	(281479272136853, 'sensor_1_7_149', 7, 1),
	(281479272136854, 'sensor_1_7_150', 7, 1),
	(281479272136855, 'sensor_1_7_151', 7, 1),
	(281479272136856, 'sensor_1_7_152', 7, 1),
	(281479272136857, 'sensor_1_7_153', 7, 1),
	(281479272136858, 'sensor_1_7_154', 7, 1),
	(281479272136859, 'sensor_1_7_155', 7, 1),
	(281479272136860, 'sensor_1_7_156', 7, 1),
	(281479272136861, 'sensor_1_7_157', 7, 1),
	(281479272136862, 'sensor_1_7_158', 7, 1),
	(281479272136863, 'sensor_1_7_159', 7, 1),
	(281479272136864, 'sensor_1_7_160', 7, 1),
	(281479272136865, 'sensor_1_7_161', 7, 1),
	(281479272136866, 'sensor_1_7_162', 7, 1),
	(281479272136867, 'sensor_1_7_163', 7, 1),
	(281479272136868, 'sensor_1_7_164', 7, 1),
	(281479272136869, 'sensor_1_7_165', 7, 1),
	(281479272136870, 'sensor_1_7_166', 7, 1),
	(281479272136871, 'sensor_1_7_167', 7, 1),
	(281479272136872, 'sensor_1_7_168', 7, 1),
	(281479272136873, 'sensor_1_7_169', 7, 1),
	(281479272136874, 'sensor_1_7_170', 7, 1),
	(281479272136875, 'sensor_1_7_171', 7, 1),
	(281479272136876, 'sensor_1_7_172', 7, 1),
	(281479272136877, 'sensor_1_7_173', 7, 1),
	(281479272136878, 'sensor_1_7_174', 7, 1),
	(281479272136879, 'sensor_1_7_175', 7, 1),
	(281479272136880, 'sensor_1_7_176', 7, 1),
	(281479272136881, 'sensor_1_7_177', 7, 1),
	(281479272136882, 'sensor_1_7_178', 7, 1),
	(281479272136883, 'sensor_1_7_179', 7, 1),
	(281479272136884, 'sensor_1_7_180', 7, 1),
	(281479272136885, 'sensor_1_7_181', 7, 1),
	(281479272136886, 'sensor_1_7_182', 7, 1),
	(281479272136887, 'sensor_1_7_183', 7, 1),
	(281479272136888, 'sensor_1_7_184', 7, 1),
	(281479272136889, 'sensor_1_7_185', 7, 1),
	(281479272136890, 'sensor_1_7_186', 7, 1),
	(281479272136891, 'sensor_1_7_187', 7, 1),
	(281479272136892, 'sensor_1_7_188', 7, 1),
	(281479272136893, 'sensor_1_7_189', 7, 1),
	(281479272136894, 'sensor_1_7_190', 7, 1),
	(281479272136895, 'sensor_1_7_191', 7, 1),
	(281479272136896, 'sensor_1_7_192', 7, 1),
	(281479272136897, 'sensor_1_7_193', 7, 1),
	(281479272136898, 'sensor_1_7_194', 7, 1),
	(281479272136899, 'sensor_1_7_195', 7, 1),
	(281479272136900, 'sensor_1_7_196', 7, 1),
	(281479272136901, 'sensor_1_7_197', 7, 1),
	(281479272136902, 'sensor_1_7_198', 7, 1),
	(281479272136903, 'sensor_1_7_199', 7, 1),
	(281479272136904, 'sensor_1_7_200', 7, 1),
	(281479272202241, 'sensor_1_8_1', 8, 1),
	(281479272202242, 'sensor_1_8_2', 8, 1),
	(281479272202243, 'sensor_1_8_3', 8, 1),
	(281479272202244, 'sensor_1_8_4', 8, 1),
	(281479272202245, 'sensor_1_8_5', 8, 1),
	(281479272202246, 'sensor_1_8_6', 8, 1),
	(281479272202247, 'sensor_1_8_7', 8, 1),
	(281479272202248, 'sensor_1_8_8', 8, 1),
	(281479272202249, 'sensor_1_8_9', 8, 1),
	(281479272202250, 'sensor_1_8_10', 8, 1),
	(281479272202251, 'sensor_1_8_11', 8, 1),
	(281479272202252, 'sensor_1_8_12', 8, 1),
	(281479272202253, 'sensor_1_8_13', 8, 1),
	(281479272202254, 'sensor_1_8_14', 8, 1),
	(281479272202255, 'sensor_1_8_15', 8, 1),
	(281479272202256, 'sensor_1_8_16', 8, 1),
	(281479272202257, 'sensor_1_8_17', 8, 1),
	(281479272202258, 'sensor_1_8_18', 8, 1),
	(281479272202259, 'sensor_1_8_19', 8, 1),
	(281479272202260, 'sensor_1_8_20', 8, 1),
	(281479272202261, 'sensor_1_8_21', 8, 1),
	(281479272202262, 'sensor_1_8_22', 8, 1),
	(281479272202263, 'sensor_1_8_23', 8, 1),
	(281479272202264, 'sensor_1_8_24', 8, 1),
	(281479272202265, 'sensor_1_8_25', 8, 1),
	(281479272202266, 'sensor_1_8_26', 8, 1),
	(281479272202267, 'sensor_1_8_27', 8, 1),
	(281479272202268, 'sensor_1_8_28', 8, 1),
	(281479272202269, 'sensor_1_8_29', 8, 1),
	(281479272202270, 'sensor_1_8_30', 8, 1),
	(281479272202271, 'sensor_1_8_31', 8, 1),
	(281479272202272, 'sensor_1_8_32', 8, 1),
	(281479272202273, 'sensor_1_8_33', 8, 1),
	(281479272202274, 'sensor_1_8_34', 8, 1),
	(281479272202275, 'sensor_1_8_35', 8, 1),
	(281479272202276, 'sensor_1_8_36', 8, 1),
	(281479272202277, 'sensor_1_8_37', 8, 1),
	(281479272202278, 'sensor_1_8_38', 8, 1),
	(281479272202279, 'sensor_1_8_39', 8, 1),
	(281479272202280, 'sensor_1_8_40', 8, 1),
	(281479272202281, 'sensor_1_8_41', 8, 1),
	(281479272202282, 'sensor_1_8_42', 8, 1),
	(281479272202283, 'sensor_1_8_43', 8, 1),
	(281479272202284, 'sensor_1_8_44', 8, 1),
	(281479272202285, 'sensor_1_8_45', 8, 1),
	(281479272202286, 'sensor_1_8_46', 8, 1),
	(281479272202287, 'sensor_1_8_47', 8, 1),
	(281479272202288, 'sensor_1_8_48', 8, 1),
	(281479272202289, 'sensor_1_8_49', 8, 1),
	(281479272202290, 'sensor_1_8_50', 8, 1),
	(281479272202291, 'sensor_1_8_51', 8, 1),
	(281479272202292, 'sensor_1_8_52', 8, 1),
	(281479272202293, 'sensor_1_8_53', 8, 1),
	(281479272202294, 'sensor_1_8_54', 8, 1),
	(281479272202295, 'sensor_1_8_55', 8, 1),
	(281479272202296, 'sensor_1_8_56', 8, 1),
	(281479272202297, 'sensor_1_8_57', 8, 1),
	(281479272202298, 'sensor_1_8_58', 8, 1),
	(281479272202299, 'sensor_1_8_59', 8, 1),
	(281479272202300, 'sensor_1_8_60', 8, 1),
	(281479272202301, 'sensor_1_8_61', 8, 1),
	(281479272202302, 'sensor_1_8_62', 8, 1),
	(281479272202303, 'sensor_1_8_63', 8, 1),
	(281479272202304, 'sensor_1_8_64', 8, 1),
	(281479272202305, 'sensor_1_8_65', 8, 1),
	(281479272202306, 'sensor_1_8_66', 8, 1),
	(281479272202307, 'sensor_1_8_67', 8, 1),
	(281479272202308, 'sensor_1_8_68', 8, 1),
	(281479272202309, 'sensor_1_8_69', 8, 1),
	(281479272202310, 'sensor_1_8_70', 8, 1),
	(281479272202311, 'sensor_1_8_71', 8, 1),
	(281479272202312, 'sensor_1_8_72', 8, 1),
	(281479272202313, 'sensor_1_8_73', 8, 1),
	(281479272202314, 'sensor_1_8_74', 8, 1),
	(281479272202315, 'sensor_1_8_75', 8, 1),
	(281479272202316, 'sensor_1_8_76', 8, 1),
	(281479272202317, 'sensor_1_8_77', 8, 1),
	(281479272202318, 'sensor_1_8_78', 8, 1),
	(281479272202319, 'sensor_1_8_79', 8, 1),
	(281479272202320, 'sensor_1_8_80', 8, 1),
	(281479272202321, 'sensor_1_8_81', 8, 1),
	(281479272202322, 'sensor_1_8_82', 8, 1),
	(281479272202323, 'sensor_1_8_83', 8, 1),
	(281479272202324, 'sensor_1_8_84', 8, 1),
	(281479272202325, 'sensor_1_8_85', 8, 1),
	(281479272202326, 'sensor_1_8_86', 8, 1),
	(281479272202327, 'sensor_1_8_87', 8, 1),
	(281479272202328, 'sensor_1_8_88', 8, 1),
	(281479272202329, 'sensor_1_8_89', 8, 1),
	(281479272202330, 'sensor_1_8_90', 8, 1),
	(281479272202331, 'sensor_1_8_91', 8, 1),
	(281479272202332, 'sensor_1_8_92', 8, 1),
	(281479272202333, 'sensor_1_8_93', 8, 1),
	(281479272202334, 'sensor_1_8_94', 8, 1),
	(281479272202335, 'sensor_1_8_95', 8, 1),
	(281479272202336, 'sensor_1_8_96', 8, 1),
	(281479272202337, 'sensor_1_8_97', 8, 1),
	(281479272202338, 'sensor_1_8_98', 8, 1),
	(281479272202339, 'sensor_1_8_99', 8, 1),
	(281479272202340, 'sensor_1_8_100', 8, 1),
	(281479272202341, 'sensor_1_8_101', 8, 1),
	(281479272202342, 'sensor_1_8_102', 8, 1),
	(281479272202343, 'sensor_1_8_103', 8, 1),
	(281479272202344, 'sensor_1_8_104', 8, 1),
	(281479272202345, 'sensor_1_8_105', 8, 1),
	(281479272202346, 'sensor_1_8_106', 8, 1),
	(281479272202347, 'sensor_1_8_107', 8, 1),
	(281479272202348, 'sensor_1_8_108', 8, 1),
	(281479272202349, 'sensor_1_8_109', 8, 1),
	(281479272202350, 'sensor_1_8_110', 8, 1),
	(281479272202351, 'sensor_1_8_111', 8, 1),
	(281479272202352, 'sensor_1_8_112', 8, 1),
	(281479272202353, 'sensor_1_8_113', 8, 1),
	(281479272202354, 'sensor_1_8_114', 8, 1),
	(281479272202355, 'sensor_1_8_115', 8, 1),
	(281479272202356, 'sensor_1_8_116', 8, 1),
	(281479272202357, 'sensor_1_8_117', 8, 1),
	(281479272202358, 'sensor_1_8_118', 8, 1),
	(281479272202359, 'sensor_1_8_119', 8, 1),
	(281479272202360, 'sensor_1_8_120', 8, 1),
	(281479272202361, 'sensor_1_8_121', 8, 1),
	(281479272202362, 'sensor_1_8_122', 8, 1),
	(281479272202363, 'sensor_1_8_123', 8, 1),
	(281479272202364, 'sensor_1_8_124', 8, 1),
	(281479272202365, 'sensor_1_8_125', 8, 1),
	(281479272202366, 'sensor_1_8_126', 8, 1),
	(281479272202367, 'sensor_1_8_127', 8, 1),
	(281479272202368, 'sensor_1_8_128', 8, 1),
	(281479272202369, 'sensor_1_8_129', 8, 1),
	(281479272202370, 'sensor_1_8_130', 8, 1),
	(281479272202371, 'sensor_1_8_131', 8, 1),
	(281479272202372, 'sensor_1_8_132', 8, 1),
	(281479272202373, 'sensor_1_8_133', 8, 1),
	(281479272202374, 'sensor_1_8_134', 8, 1),
	(281479272202375, 'sensor_1_8_135', 8, 1),
	(281479272202376, 'sensor_1_8_136', 8, 1),
	(281479272202377, 'sensor_1_8_137', 8, 1),
	(281479272202378, 'sensor_1_8_138', 8, 1),
	(281479272202379, 'sensor_1_8_139', 8, 1),
	(281479272202380, 'sensor_1_8_140', 8, 1),
	(281479272202381, 'sensor_1_8_141', 8, 1),
	(281479272202382, 'sensor_1_8_142', 8, 1),
	(281479272202383, 'sensor_1_8_143', 8, 1),
	(281479272202384, 'sensor_1_8_144', 8, 1),
	(281479272202385, 'sensor_1_8_145', 8, 1),
	(281479272202386, 'sensor_1_8_146', 8, 1),
	(281479272202387, 'sensor_1_8_147', 8, 1),
	(281479272202388, 'sensor_1_8_148', 8, 1),
	(281479272202389, 'sensor_1_8_149', 8, 1),
	(281479272202390, 'sensor_1_8_150', 8, 1),
	(281479272202391, 'sensor_1_8_151', 8, 1),
	(281479272202392, 'sensor_1_8_152', 8, 1),
	(281479272202393, 'sensor_1_8_153', 8, 1),
	(281479272202394, 'sensor_1_8_154', 8, 1),
	(281479272202395, 'sensor_1_8_155', 8, 1),
	(281479272202396, 'sensor_1_8_156', 8, 1),
	(281479272202397, 'sensor_1_8_157', 8, 1),
	(281479272202398, 'sensor_1_8_158', 8, 1),
	(281479272202399, 'sensor_1_8_159', 8, 1),
	(281479272202400, 'sensor_1_8_160', 8, 1),
	(281479272202401, 'sensor_1_8_161', 8, 1),
	(281479272202402, 'sensor_1_8_162', 8, 1),
	(281479272202403, 'sensor_1_8_163', 8, 1),
	(281479272202404, 'sensor_1_8_164', 8, 1),
	(281479272202405, 'sensor_1_8_165', 8, 1),
	(281479272202406, 'sensor_1_8_166', 8, 1),
	(281479272202407, 'sensor_1_8_167', 8, 1),
	(281479272202408, 'sensor_1_8_168', 8, 1),
	(281479272202409, 'sensor_1_8_169', 8, 1),
	(281479272202410, 'sensor_1_8_170', 8, 1),
	(281479272202411, 'sensor_1_8_171', 8, 1),
	(281479272202412, 'sensor_1_8_172', 8, 1),
	(281479272202413, 'sensor_1_8_173', 8, 1),
	(281479272202414, 'sensor_1_8_174', 8, 1),
	(281479272202415, 'sensor_1_8_175', 8, 1),
	(281479272202416, 'sensor_1_8_176', 8, 1),
	(281479272202417, 'sensor_1_8_177', 8, 1),
	(281479272202418, 'sensor_1_8_178', 8, 1),
	(281479272202419, 'sensor_1_8_179', 8, 1),
	(281479272202420, 'sensor_1_8_180', 8, 1),
	(281479272202421, 'sensor_1_8_181', 8, 1),
	(281479272202422, 'sensor_1_8_182', 8, 1),
	(281479272202423, 'sensor_1_8_183', 8, 1),
	(281479272202424, 'sensor_1_8_184', 8, 1),
	(281479272202425, 'sensor_1_8_185', 8, 1),
	(281479272202426, 'sensor_1_8_186', 8, 1),
	(281479272202427, 'sensor_1_8_187', 8, 1),
	(281479272202428, 'sensor_1_8_188', 8, 1),
	(281479272202429, 'sensor_1_8_189', 8, 1),
	(281479272202430, 'sensor_1_8_190', 8, 1),
	(281479272202431, 'sensor_1_8_191', 8, 1),
	(281479272202432, 'sensor_1_8_192', 8, 1),
	(281479272202433, 'sensor_1_8_193', 8, 1),
	(281479272202434, 'sensor_1_8_194', 8, 1),
	(281479272202435, 'sensor_1_8_195', 8, 1),
	(281479272202436, 'sensor_1_8_196', 8, 1),
	(281479272202437, 'sensor_1_8_197', 8, 1),
	(281479272202438, 'sensor_1_8_198', 8, 1),
	(281479272202439, 'sensor_1_8_199', 8, 1),
	(281479272202440, 'sensor_1_8_200', 8, 1),
	(281479272267777, 'sensor_1_9_1', 9, 1),
	(281479272267778, 'sensor_1_9_2', 9, 1),
	(281479272267779, 'sensor_1_9_3', 9, 1),
	(281479272267780, 'sensor_1_9_4', 9, 1),
	(281479272267781, 'sensor_1_9_5', 9, 1),
	(281479272267782, 'sensor_1_9_6', 9, 1),
	(281479272267783, 'sensor_1_9_7', 9, 1),
	(281479272267784, 'sensor_1_9_8', 9, 1),
	(281479272267785, 'sensor_1_9_9', 9, 1),
	(281479272267786, 'sensor_1_9_10', 9, 1),
	(281479272267787, 'sensor_1_9_11', 9, 1),
	(281479272267788, 'sensor_1_9_12', 9, 1),
	(281479272267789, 'sensor_1_9_13', 9, 1),
	(281479272267790, 'sensor_1_9_14', 9, 1),
	(281479272267791, 'sensor_1_9_15', 9, 1),
	(281479272267792, 'sensor_1_9_16', 9, 1),
	(281479272267793, 'sensor_1_9_17', 9, 1),
	(281479272267794, 'sensor_1_9_18', 9, 1),
	(281479272267795, 'sensor_1_9_19', 9, 1),
	(281479272267796, 'sensor_1_9_20', 9, 1),
	(281479272267797, 'sensor_1_9_21', 9, 1),
	(281479272267798, 'sensor_1_9_22', 9, 1),
	(281479272267799, 'sensor_1_9_23', 9, 1),
	(281479272267800, 'sensor_1_9_24', 9, 1),
	(281479272267801, 'sensor_1_9_25', 9, 1),
	(281479272267802, 'sensor_1_9_26', 9, 1),
	(281479272267803, 'sensor_1_9_27', 9, 1),
	(281479272267804, 'sensor_1_9_28', 9, 1),
	(281479272267805, 'sensor_1_9_29', 9, 1),
	(281479272267806, 'sensor_1_9_30', 9, 1),
	(281479272267807, 'sensor_1_9_31', 9, 1),
	(281479272267808, 'sensor_1_9_32', 9, 1),
	(281479272267809, 'sensor_1_9_33', 9, 1),
	(281479272267810, 'sensor_1_9_34', 9, 1),
	(281479272267811, 'sensor_1_9_35', 9, 1),
	(281479272267812, 'sensor_1_9_36', 9, 1),
	(281479272267813, 'sensor_1_9_37', 9, 1),
	(281479272267814, 'sensor_1_9_38', 9, 1),
	(281479272267815, 'sensor_1_9_39', 9, 1),
	(281479272267816, 'sensor_1_9_40', 9, 1),
	(281479272267817, 'sensor_1_9_41', 9, 1),
	(281479272267818, 'sensor_1_9_42', 9, 1),
	(281479272267819, 'sensor_1_9_43', 9, 1),
	(281479272267820, 'sensor_1_9_44', 9, 1),
	(281479272267821, 'sensor_1_9_45', 9, 1),
	(281479272267822, 'sensor_1_9_46', 9, 1),
	(281479272267823, 'sensor_1_9_47', 9, 1),
	(281479272267824, 'sensor_1_9_48', 9, 1),
	(281479272267825, 'sensor_1_9_49', 9, 1),
	(281479272267826, 'sensor_1_9_50', 9, 1),
	(281479272267827, 'sensor_1_9_51', 9, 1),
	(281479272267828, 'sensor_1_9_52', 9, 1),
	(281479272267829, 'sensor_1_9_53', 9, 1),
	(281479272267830, 'sensor_1_9_54', 9, 1),
	(281479272267831, 'sensor_1_9_55', 9, 1),
	(281479272267832, 'sensor_1_9_56', 9, 1),
	(281479272267833, 'sensor_1_9_57', 9, 1),
	(281479272267834, 'sensor_1_9_58', 9, 1),
	(281479272267835, 'sensor_1_9_59', 9, 1),
	(281479272267836, 'sensor_1_9_60', 9, 1),
	(281479272267837, 'sensor_1_9_61', 9, 1),
	(281479272267838, 'sensor_1_9_62', 9, 1),
	(281479272267839, 'sensor_1_9_63', 9, 1),
	(281479272267840, 'sensor_1_9_64', 9, 1),
	(281479272267841, 'sensor_1_9_65', 9, 1),
	(281479272267842, 'sensor_1_9_66', 9, 1),
	(281479272267843, 'sensor_1_9_67', 9, 1),
	(281479272267844, 'sensor_1_9_68', 9, 1),
	(281479272267845, 'sensor_1_9_69', 9, 1),
	(281479272267846, 'sensor_1_9_70', 9, 1),
	(281479272267847, 'sensor_1_9_71', 9, 1),
	(281479272267848, 'sensor_1_9_72', 9, 1),
	(281479272267849, 'sensor_1_9_73', 9, 1),
	(281479272267850, 'sensor_1_9_74', 9, 1),
	(281479272267851, 'sensor_1_9_75', 9, 1),
	(281479272267852, 'sensor_1_9_76', 9, 1),
	(281479272267853, 'sensor_1_9_77', 9, 1),
	(281479272267854, 'sensor_1_9_78', 9, 1),
	(281479272267855, 'sensor_1_9_79', 9, 1),
	(281479272267856, 'sensor_1_9_80', 9, 1),
	(281479272267857, 'sensor_1_9_81', 9, 1),
	(281479272267858, 'sensor_1_9_82', 9, 1),
	(281479272267859, 'sensor_1_9_83', 9, 1),
	(281479272267860, 'sensor_1_9_84', 9, 1),
	(281479272267861, 'sensor_1_9_85', 9, 1),
	(281479272267862, 'sensor_1_9_86', 9, 1),
	(281479272267863, 'sensor_1_9_87', 9, 1),
	(281479272267864, 'sensor_1_9_88', 9, 1),
	(281479272267865, 'sensor_1_9_89', 9, 1),
	(281479272267866, 'sensor_1_9_90', 9, 1),
	(281479272267867, 'sensor_1_9_91', 9, 1),
	(281479272267868, 'sensor_1_9_92', 9, 1),
	(281479272267869, 'sensor_1_9_93', 9, 1),
	(281479272267870, 'sensor_1_9_94', 9, 1),
	(281479272267871, 'sensor_1_9_95', 9, 1),
	(281479272267872, 'sensor_1_9_96', 9, 1),
	(281479272267873, 'sensor_1_9_97', 9, 1),
	(281479272267874, 'sensor_1_9_98', 9, 1),
	(281479272267875, 'sensor_1_9_99', 9, 1),
	(281479272267876, 'sensor_1_9_100', 9, 1),
	(281479272267877, 'sensor_1_9_101', 9, 1),
	(281479272267878, 'sensor_1_9_102', 9, 1),
	(281479272267879, 'sensor_1_9_103', 9, 1),
	(281479272267880, 'sensor_1_9_104', 9, 1),
	(281479272267881, 'sensor_1_9_105', 9, 1),
	(281479272267882, 'sensor_1_9_106', 9, 1),
	(281479272267883, 'sensor_1_9_107', 9, 1),
	(281479272267884, 'sensor_1_9_108', 9, 1),
	(281479272267885, 'sensor_1_9_109', 9, 1),
	(281479272267886, 'sensor_1_9_110', 9, 1),
	(281479272267887, 'sensor_1_9_111', 9, 1),
	(281479272267888, 'sensor_1_9_112', 9, 1),
	(281479272267889, 'sensor_1_9_113', 9, 1),
	(281479272267890, 'sensor_1_9_114', 9, 1),
	(281479272267891, 'sensor_1_9_115', 9, 1),
	(281479272267892, 'sensor_1_9_116', 9, 1),
	(281479272267893, 'sensor_1_9_117', 9, 1),
	(281479272267894, 'sensor_1_9_118', 9, 1),
	(281479272267895, 'sensor_1_9_119', 9, 1),
	(281479272267896, 'sensor_1_9_120', 9, 1),
	(281479272267897, 'sensor_1_9_121', 9, 1),
	(281479272267898, 'sensor_1_9_122', 9, 1),
	(281479272267899, 'sensor_1_9_123', 9, 1),
	(281479272267900, 'sensor_1_9_124', 9, 1),
	(281479272267901, 'sensor_1_9_125', 9, 1),
	(281479272267902, 'sensor_1_9_126', 9, 1),
	(281479272267903, 'sensor_1_9_127', 9, 1),
	(281479272267904, 'sensor_1_9_128', 9, 1),
	(281479272267905, 'sensor_1_9_129', 9, 1),
	(281479272267906, 'sensor_1_9_130', 9, 1),
	(281479272267907, 'sensor_1_9_131', 9, 1),
	(281479272267908, 'sensor_1_9_132', 9, 1),
	(281479272267909, 'sensor_1_9_133', 9, 1),
	(281479272267910, 'sensor_1_9_134', 9, 1),
	(281479272267911, 'sensor_1_9_135', 9, 1),
	(281479272267912, 'sensor_1_9_136', 9, 1),
	(281479272267913, 'sensor_1_9_137', 9, 1),
	(281479272267914, 'sensor_1_9_138', 9, 1),
	(281479272267915, 'sensor_1_9_139', 9, 1),
	(281479272267916, 'sensor_1_9_140', 9, 1),
	(281479272267917, 'sensor_1_9_141', 9, 1),
	(281479272267918, 'sensor_1_9_142', 9, 1),
	(281479272267919, 'sensor_1_9_143', 9, 1),
	(281479272267920, 'sensor_1_9_144', 9, 1),
	(281479272267921, 'sensor_1_9_145', 9, 1),
	(281479272267922, 'sensor_1_9_146', 9, 1),
	(281479272267923, 'sensor_1_9_147', 9, 1),
	(281479272267924, 'sensor_1_9_148', 9, 1),
	(281479272267925, 'sensor_1_9_149', 9, 1),
	(281479272267926, 'sensor_1_9_150', 9, 1),
	(281479272267927, 'sensor_1_9_151', 9, 1),
	(281479272267928, 'sensor_1_9_152', 9, 1),
	(281479272267929, 'sensor_1_9_153', 9, 1),
	(281479272267930, 'sensor_1_9_154', 9, 1),
	(281479272267931, 'sensor_1_9_155', 9, 1),
	(281479272267932, 'sensor_1_9_156', 9, 1),
	(281479272267933, 'sensor_1_9_157', 9, 1),
	(281479272267934, 'sensor_1_9_158', 9, 1),
	(281479272267935, 'sensor_1_9_159', 9, 1),
	(281479272267936, 'sensor_1_9_160', 9, 1),
	(281479272267937, 'sensor_1_9_161', 9, 1),
	(281479272267938, 'sensor_1_9_162', 9, 1),
	(281479272267939, 'sensor_1_9_163', 9, 1),
	(281479272267940, 'sensor_1_9_164', 9, 1),
	(281479272267941, 'sensor_1_9_165', 9, 1),
	(281479272267942, 'sensor_1_9_166', 9, 1),
	(281479272267943, 'sensor_1_9_167', 9, 1),
	(281479272267944, 'sensor_1_9_168', 9, 1),
	(281479272267945, 'sensor_1_9_169', 9, 1),
	(281479272267946, 'sensor_1_9_170', 9, 1),
	(281479272267947, 'sensor_1_9_171', 9, 1),
	(281479272267948, 'sensor_1_9_172', 9, 1),
	(281479272267949, 'sensor_1_9_173', 9, 1),
	(281479272267950, 'sensor_1_9_174', 9, 1),
	(281479272267951, 'sensor_1_9_175', 9, 1),
	(281479272267952, 'sensor_1_9_176', 9, 1),
	(281479272267953, 'sensor_1_9_177', 9, 1),
	(281479272267954, 'sensor_1_9_178', 9, 1),
	(281479272267955, 'sensor_1_9_179', 9, 1),
	(281479272267956, 'sensor_1_9_180', 9, 1),
	(281479272267957, 'sensor_1_9_181', 9, 1),
	(281479272267958, 'sensor_1_9_182', 9, 1),
	(281479272267959, 'sensor_1_9_183', 9, 1),
	(281479272267960, 'sensor_1_9_184', 9, 1),
	(281479272267961, 'sensor_1_9_185', 9, 1),
	(281479272267962, 'sensor_1_9_186', 9, 1),
	(281479272267963, 'sensor_1_9_187', 9, 1),
	(281479272267964, 'sensor_1_9_188', 9, 1),
	(281479272267965, 'sensor_1_9_189', 9, 1),
	(281479272267966, 'sensor_1_9_190', 9, 1),
	(281479272267967, 'sensor_1_9_191', 9, 1),
	(281479272267968, 'sensor_1_9_192', 9, 1),
	(281479272267969, 'sensor_1_9_193', 9, 1),
	(281479272267970, 'sensor_1_9_194', 9, 1),
	(281479272267971, 'sensor_1_9_195', 9, 1),
	(281479272267972, 'sensor_1_9_196', 9, 1),
	(281479272267973, 'sensor_1_9_197', 9, 1),
	(281479272267974, 'sensor_1_9_198', 9, 1),
	(281479272267975, 'sensor_1_9_199', 9, 1),
	(281479272267976, 'sensor_1_9_200', 9, 1),
	(281479272333313, 'sensor_1_10_1', 10, 1),
	(281479272333314, 'sensor_1_10_2', 10, 1),
	(281479272333315, 'sensor_1_10_3', 10, 1),
	(281479272333316, 'sensor_1_10_4', 10, 1),
	(281479272333317, 'sensor_1_10_5', 10, 1),
	(281479272333318, 'sensor_1_10_6', 10, 1),
	(281479272333319, 'sensor_1_10_7', 10, 1),
	(281479272333320, 'sensor_1_10_8', 10, 1),
	(281479272333321, 'sensor_1_10_9', 10, 1),
	(281479272333322, 'sensor_1_10_10', 10, 1),
	(281479272333323, 'sensor_1_10_11', 10, 1),
	(281479272333324, 'sensor_1_10_12', 10, 1),
	(281479272333325, 'sensor_1_10_13', 10, 1),
	(281479272333326, 'sensor_1_10_14', 10, 1),
	(281479272333327, 'sensor_1_10_15', 10, 1),
	(281479272333328, 'sensor_1_10_16', 10, 1),
	(281479272333329, 'sensor_1_10_17', 10, 1),
	(281479272333330, 'sensor_1_10_18', 10, 1),
	(281479272333331, 'sensor_1_10_19', 10, 1),
	(281479272333332, 'sensor_1_10_20', 10, 1),
	(281479272333333, 'sensor_1_10_21', 10, 1),
	(281479272333334, 'sensor_1_10_22', 10, 1),
	(281479272333335, 'sensor_1_10_23', 10, 1),
	(281479272333336, 'sensor_1_10_24', 10, 1),
	(281479272333337, 'sensor_1_10_25', 10, 1),
	(281479272333338, 'sensor_1_10_26', 10, 1),
	(281479272333339, 'sensor_1_10_27', 10, 1),
	(281479272333340, 'sensor_1_10_28', 10, 1),
	(281479272333341, 'sensor_1_10_29', 10, 1),
	(281479272333342, 'sensor_1_10_30', 10, 1),
	(281479272333343, 'sensor_1_10_31', 10, 1),
	(281479272333344, 'sensor_1_10_32', 10, 1),
	(281479272333345, 'sensor_1_10_33', 10, 1),
	(281479272333346, 'sensor_1_10_34', 10, 1),
	(281479272333347, 'sensor_1_10_35', 10, 1),
	(281479272333348, 'sensor_1_10_36', 10, 1),
	(281479272333349, 'sensor_1_10_37', 10, 1),
	(281479272333350, 'sensor_1_10_38', 10, 1),
	(281479272333351, 'sensor_1_10_39', 10, 1),
	(281479272333352, 'sensor_1_10_40', 10, 1),
	(281479272333353, 'sensor_1_10_41', 10, 1),
	(281479272333354, 'sensor_1_10_42', 10, 1),
	(281479272333355, 'sensor_1_10_43', 10, 1),
	(281479272333356, 'sensor_1_10_44', 10, 1),
	(281479272333357, 'sensor_1_10_45', 10, 1),
	(281479272333358, 'sensor_1_10_46', 10, 1),
	(281479272333359, 'sensor_1_10_47', 10, 1),
	(281479272333360, 'sensor_1_10_48', 10, 1),
	(281479272333361, 'sensor_1_10_49', 10, 1),
	(281479272333362, 'sensor_1_10_50', 10, 1),
	(281479272333363, 'sensor_1_10_51', 10, 1),
	(281479272333364, 'sensor_1_10_52', 10, 1),
	(281479272333365, 'sensor_1_10_53', 10, 1),
	(281479272333366, 'sensor_1_10_54', 10, 1),
	(281479272333367, 'sensor_1_10_55', 10, 1),
	(281479272333368, 'sensor_1_10_56', 10, 1),
	(281479272333369, 'sensor_1_10_57', 10, 1),
	(281479272333370, 'sensor_1_10_58', 10, 1),
	(281479272333371, 'sensor_1_10_59', 10, 1),
	(281479272333372, 'sensor_1_10_60', 10, 1),
	(281479272333373, 'sensor_1_10_61', 10, 1),
	(281479272333374, 'sensor_1_10_62', 10, 1),
	(281479272333375, 'sensor_1_10_63', 10, 1),
	(281479272333376, 'sensor_1_10_64', 10, 1),
	(281479272333377, 'sensor_1_10_65', 10, 1),
	(281479272333378, 'sensor_1_10_66', 10, 1),
	(281479272333379, 'sensor_1_10_67', 10, 1),
	(281479272333380, 'sensor_1_10_68', 10, 1),
	(281479272333381, 'sensor_1_10_69', 10, 1),
	(281479272333382, 'sensor_1_10_70', 10, 1),
	(281479272333383, 'sensor_1_10_71', 10, 1),
	(281479272333384, 'sensor_1_10_72', 10, 1),
	(281479272333385, 'sensor_1_10_73', 10, 1),
	(281479272333386, 'sensor_1_10_74', 10, 1),
	(281479272333387, 'sensor_1_10_75', 10, 1),
	(281479272333388, 'sensor_1_10_76', 10, 1),
	(281479272333389, 'sensor_1_10_77', 10, 1),
	(281479272333390, 'sensor_1_10_78', 10, 1),
	(281479272333391, 'sensor_1_10_79', 10, 1),
	(281479272333392, 'sensor_1_10_80', 10, 1),
	(281479272333393, 'sensor_1_10_81', 10, 1),
	(281479272333394, 'sensor_1_10_82', 10, 1),
	(281479272333395, 'sensor_1_10_83', 10, 1),
	(281479272333396, 'sensor_1_10_84', 10, 1),
	(281479272333397, 'sensor_1_10_85', 10, 1),
	(281479272333398, 'sensor_1_10_86', 10, 1),
	(281479272333399, 'sensor_1_10_87', 10, 1),
	(281479272333400, 'sensor_1_10_88', 10, 1),
	(281479272333401, 'sensor_1_10_89', 10, 1),
	(281479272333402, 'sensor_1_10_90', 10, 1),
	(281479272333403, 'sensor_1_10_91', 10, 1),
	(281479272333404, 'sensor_1_10_92', 10, 1),
	(281479272333405, 'sensor_1_10_93', 10, 1),
	(281479272333406, 'sensor_1_10_94', 10, 1),
	(281479272333407, 'sensor_1_10_95', 10, 1),
	(281479272333408, 'sensor_1_10_96', 10, 1),
	(281479272333409, 'sensor_1_10_97', 10, 1),
	(281479272333410, 'sensor_1_10_98', 10, 1),
	(281479272333411, 'sensor_1_10_99', 10, 1),
	(281479272333412, 'sensor_1_10_100', 10, 1),
	(281479272333413, 'sensor_1_10_101', 10, 1),
	(281479272333414, 'sensor_1_10_102', 10, 1),
	(281479272333415, 'sensor_1_10_103', 10, 1),
	(281479272333416, 'sensor_1_10_104', 10, 1),
	(281479272333417, 'sensor_1_10_105', 10, 1),
	(281479272333418, 'sensor_1_10_106', 10, 1),
	(281479272333419, 'sensor_1_10_107', 10, 1),
	(281479272333420, 'sensor_1_10_108', 10, 1),
	(281479272333421, 'sensor_1_10_109', 10, 1),
	(281479272333422, 'sensor_1_10_110', 10, 1),
	(281479272333423, 'sensor_1_10_111', 10, 1),
	(281479272333424, 'sensor_1_10_112', 10, 1),
	(281479272333425, 'sensor_1_10_113', 10, 1),
	(281479272333426, 'sensor_1_10_114', 10, 1),
	(281479272333427, 'sensor_1_10_115', 10, 1),
	(281479272333428, 'sensor_1_10_116', 10, 1),
	(281479272333429, 'sensor_1_10_117', 10, 1),
	(281479272333430, 'sensor_1_10_118', 10, 1),
	(281479272333431, 'sensor_1_10_119', 10, 1),
	(281479272333432, 'sensor_1_10_120', 10, 1),
	(281479272333433, 'sensor_1_10_121', 10, 1),
	(281479272333434, 'sensor_1_10_122', 10, 1),
	(281479272333435, 'sensor_1_10_123', 10, 1),
	(281479272333436, 'sensor_1_10_124', 10, 1),
	(281479272333437, 'sensor_1_10_125', 10, 1),
	(281479272333438, 'sensor_1_10_126', 10, 1),
	(281479272333439, 'sensor_1_10_127', 10, 1),
	(281479272333440, 'sensor_1_10_128', 10, 1),
	(281479272333441, 'sensor_1_10_129', 10, 1),
	(281479272333442, 'sensor_1_10_130', 10, 1),
	(281479272333443, 'sensor_1_10_131', 10, 1),
	(281479272333444, 'sensor_1_10_132', 10, 1),
	(281479272333445, 'sensor_1_10_133', 10, 1),
	(281479272333446, 'sensor_1_10_134', 10, 1),
	(281479272333447, 'sensor_1_10_135', 10, 1),
	(281479272333448, 'sensor_1_10_136', 10, 1),
	(281479272333449, 'sensor_1_10_137', 10, 1),
	(281479272333450, 'sensor_1_10_138', 10, 1),
	(281479272333451, 'sensor_1_10_139', 10, 1),
	(281479272333452, 'sensor_1_10_140', 10, 1),
	(281479272333453, 'sensor_1_10_141', 10, 1),
	(281479272333454, 'sensor_1_10_142', 10, 1),
	(281479272333455, 'sensor_1_10_143', 10, 1),
	(281479272333456, 'sensor_1_10_144', 10, 1),
	(281479272333457, 'sensor_1_10_145', 10, 1),
	(281479272333458, 'sensor_1_10_146', 10, 1),
	(281479272333459, 'sensor_1_10_147', 10, 1),
	(281479272333460, 'sensor_1_10_148', 10, 1),
	(281479272333461, 'sensor_1_10_149', 10, 1),
	(281479272333462, 'sensor_1_10_150', 10, 1),
	(281479272333463, 'sensor_1_10_151', 10, 1),
	(281479272333464, 'sensor_1_10_152', 10, 1),
	(281479272333465, 'sensor_1_10_153', 10, 1),
	(281479272333466, 'sensor_1_10_154', 10, 1),
	(281479272333467, 'sensor_1_10_155', 10, 1),
	(281479272333468, 'sensor_1_10_156', 10, 1),
	(281479272333469, 'sensor_1_10_157', 10, 1),
	(281479272333470, 'sensor_1_10_158', 10, 1),
	(281479272333471, 'sensor_1_10_159', 10, 1),
	(281479272333472, 'sensor_1_10_160', 10, 1),
	(281479272333473, 'sensor_1_10_161', 10, 1),
	(281479272333474, 'sensor_1_10_162', 10, 1),
	(281479272333475, 'sensor_1_10_163', 10, 1),
	(281479272333476, 'sensor_1_10_164', 10, 1),
	(281479272333477, 'sensor_1_10_165', 10, 1),
	(281479272333478, 'sensor_1_10_166', 10, 1),
	(281479272333479, 'sensor_1_10_167', 10, 1),
	(281479272333480, 'sensor_1_10_168', 10, 1),
	(281479272333481, 'sensor_1_10_169', 10, 1),
	(281479272333482, 'sensor_1_10_170', 10, 1),
	(281479272333483, 'sensor_1_10_171', 10, 1),
	(281479272333484, 'sensor_1_10_172', 10, 1),
	(281479272333485, 'sensor_1_10_173', 10, 1),
	(281479272333486, 'sensor_1_10_174', 10, 1),
	(281479272333487, 'sensor_1_10_175', 10, 1),
	(281479272333488, 'sensor_1_10_176', 10, 1),
	(281479272333489, 'sensor_1_10_177', 10, 1),
	(281479272333490, 'sensor_1_10_178', 10, 1),
	(281479272333491, 'sensor_1_10_179', 10, 1),
	(281479272333492, 'sensor_1_10_180', 10, 1),
	(281479272333493, 'sensor_1_10_181', 10, 1),
	(281479272333494, 'sensor_1_10_182', 10, 1),
	(281479272333495, 'sensor_1_10_183', 10, 1),
	(281479272333496, 'sensor_1_10_184', 10, 1),
	(281479272333497, 'sensor_1_10_185', 10, 1),
	(281479272333498, 'sensor_1_10_186', 10, 1),
	(281479272333499, 'sensor_1_10_187', 10, 1),
	(281479272333500, 'sensor_1_10_188', 10, 1),
	(281479272333501, 'sensor_1_10_189', 10, 1),
	(281479272333502, 'sensor_1_10_190', 10, 1),
	(281479272333503, 'sensor_1_10_191', 10, 1),
	(281479272333504, 'sensor_1_10_192', 10, 1),
	(281479272333505, 'sensor_1_10_193', 10, 1),
	(281479272333506, 'sensor_1_10_194', 10, 1),
	(281479272333507, 'sensor_1_10_195', 10, 1),
	(281479272333508, 'sensor_1_10_196', 10, 1),
	(281479272333509, 'sensor_1_10_197', 10, 1),
	(281479272333510, 'sensor_1_10_198', 10, 1),
	(281479272333511, 'sensor_1_10_199', 10, 1),
	(281479272333512, 'sensor_1_10_200', 10, 1);
/*!40000 ALTER TABLE `iot_sensor` ENABLE KEYS */;

-- 正在导出表  testnptfs.iot_sensor_furmula 的数据：~3 rows (大约)
DELETE FROM `iot_sensor_furmula`;
/*!40000 ALTER TABLE `iot_sensor_furmula` DISABLE KEYS */;
INSERT INTO `iot_sensor_furmula` (`id`, `sensorId`, `formulaId`) VALUES
	(1, 281479272005833, 1),
	(2, 281479272005834, 2),
	(3, 281479272005835, 3);
/*!40000 ALTER TABLE `iot_sensor_furmula` ENABLE KEYS */;

-- 正在导出表  testnptfs.iot_sensor_minute 的数据：~0 rows (大约)
DELETE FROM `iot_sensor_minute`;
/*!40000 ALTER TABLE `iot_sensor_minute` DISABLE KEYS */;
/*!40000 ALTER TABLE `iot_sensor_minute` ENABLE KEYS */;
/*!40101 SET SQL_MODE=IFNULL(@OLD_SQL_MODE, '') */;
/*!40014 SET FOREIGN_KEY_CHECKS=IF(@OLD_FOREIGN_KEY_CHECKS IS NULL, 1, @OLD_FOREIGN_KEY_CHECKS) */;
/*!40101 SET CHARACTER_SET_CLIENT=@OLD_CHARACTER_SET_CLIENT */;
